epoch,train_loss,ce_loss,da_loss,source_acc,target_acc,target_f1,eta_1,entropy_loss,align_loss,eta_2,sigma,epoch_warmup
1,0.14285947524365925,0.14285947524365925,0.0,67.37533822960958,0.0,0.3418914093498275,,,,,,True
2,0.12049245621476855,0.12049245621476855,0.0,68.96018554310011,0.0,0.364201711372982,,,,,,True
3,0.09368476555460975,0.09368476555460975,0.0,76.45921917278702,0.0,0.23344449010831272,,,,,,True
4,0.06737737517271723,0.06737737517271723,0.0,81.60030923850019,0.0,0.36312319181226677,,,,,,True
5,0.06718363116184871,0.06718363116184871,0.0,84.30614611519134,0.0,0.06285419539532885,,,,,,True
6,0.0709190122073605,0.0709190122073605,0.0,85.04058755315037,0.0,0.343230817262679,,,,,,True
7,0.055728403851389885,0.055728403851389885,0.0,85.15655199072285,0.0,0.38573005770754815,,,,,,True
8,0.030801539442368915,0.030801539442368915,0.0,91.03208349439505,0.0,0.22800214603792032,,,,,,True
9,0.039525635895274934,0.039525635895274934,0.0,92.34634712021646,0.0,0.3442878858663261,,,,,,True
10,0.05180717641044231,0.05180717641044231,0.0,85.0019327406262,0.0,0.17338173756528488,,,,,,True
11,0.043880424329212735,0.043880424329212735,0.0,87.43718592964824,0.0,0.38546733463310917,,,,,,True
12,0.03902709883238588,0.03902709883238588,0.0,89.52454580595284,0.0,0.34521011504606064,,,,,,True
13,0.018576609015109994,0.018576609015109994,0.0,93.39002705836877,0.0,0.33933350558315717,,,,,,True
14,0.010863998516773185,0.010863998516773185,0.0,96.2118283726324,0.0,0.23613234978069228,,,,,,True
15,0.009951626416295767,0.009951626416295767,0.0,95.90258987243912,0.0,0.32640185215084144,,,,,,True
16,0.010730287171013299,0.010730287171013299,0.0,96.28913799768071,0.0,0.3558562055008598,,,,,,True
17,0.008064303070395476,0.008064303070395476,0.0,97.25550831078469,0.0,0.3757072830186476,,,,,,True
18,0.005842194903553242,0.005842194903553242,0.0,98.33784306146116,0.0,0.3534583246907225,,,,,,True
19,0.0039114126806712845,0.0039114126806712845,0.0,98.60842674913026,0.0,0.379209523949063,,,,,,True
20,0.002111065019908849,0.002111065019908849,0.0,99.03362968689602,0.0,0.3222128957336878,,,,,,True
21,9.47227244166767,0.23509032673695507,0.02742831496631398,62.637867647058826,29.683698296836983,0.2918149466192171,0.10113458335399628,0.9086570336538202,0.17365647019708857,0.9831504821777344,3.584859224085419,False
22,3.5140019304612102,0.11745194915462942,0.026707849081824806,71.78308823529412,13.090024330900244,0.3460018644770187,0.10196927934885025,1.0277271761613733,0.18319979310035706,0.9666090607643127,3.405616262881148,False
23,2.4088770396569195,0.09692546637619243,0.018199433298671946,77.75735294117646,32.262773722627735,0.40261732770587066,0.10272666066884995,0.9994895984144772,0.13915354013442993,0.9502730369567871,3.2353354497370903,False
24,1.2816443890333176,0.07489273412262692,0.01632590504253612,81.93933823529412,45.839416058394164,0.24515859797284448,0.10338488966226578,0.9401175169383779,0.11639143351246328,0.9341781735420227,3.0735686772502357,False
25,1.0914614595034544,0.071178418748519,0.024589401834151325,85.38602941176471,35.37712895377129,0.4768317824498645,0.10402822494506836,0.9536774579216453,0.1788473094210905,0.9184454679489136,2.919890243387724,False
26,0.031335649683195,0.05007009383510141,0.015679643434636733,86.12132352941177,51.72749391727494,0.5317385982237842,0.10455334931612015,0.8789314767893623,0.11261453939711347,0.9029622673988342,2.773895731218338,False
27,-0.5728916354915675,0.03821517702411203,0.007636441903955796,88.23529411764706,68.27250608272506,0.5346442344803485,0.10495294630527496,0.7461835882242989,0.06619912539334859,0.8876356482505798,2.6352009446574205,False
28,-1.0632370052968754,0.027872229214100278,0.008296149618485394,92.04963235294117,74.11192214111922,0.39628051930463765,0.10526702553033829,0.7223695446463192,0.07191727485726862,0.8725394010543823,2.5034408974245492,False
29,-1.1488277728066725,0.026607907158048713,0.006889862172743853,93.24448529411765,74.35523114355232,0.5646576868676759,0.1055382564663887,0.6505307660383337,0.06062093420940287,0.8577114343643188,2.3782688525533215,False
30,-1.5294460601666395,0.01846684134729645,0.007555547882528866,95.03676470588235,75.86374695863746,0.5541406356147892,0.10571067780256271,0.5862765908241272,0.07117945766624283,0.8431587219238281,2.2593554099256554,False
31,-1.7106649349717533,0.014879514627596912,0.007883695995106417,95.08272058823529,69.7323600973236,0.5052135112376727,0.1058574914932251,0.6273773733307334,0.06248608297284912,0.8288739919662476,2.146387639429373,False
32,-1.7979420230669134,0.013612509499687482,0.004348604118122774,96.96691176470588,80.82725060827251,0.5617001095684312,0.10595356673002243,0.45663494923535514,0.047461592756650024,0.8148223161697388,2.0390682574579038,False
33,-2.065068890066708,0.008046062471454634,0.0035808752564822927,96.875,80.87591240875912,0.5288305774718819,0.10597354918718338,0.43314003243165855,0.04544537766453098,0.8009867072105408,1.9371148445850086,False
34,-1.7571354823953964,0.015327657422269969,0.004321547115550321,96.59926470588235,81.26520681265207,0.5433657477461016,0.1060013473033905,0.4272453627165626,0.046118431012420094,0.7874006628990173,1.8402591023557582,False
35,-2.053960112964406,0.008893085534081739,0.006314708906061509,96.82904411764706,76.98296836982968,0.5328176278857897,0.10607049614191055,0.4959489019478069,0.05288864091476973,0.7740775346755981,1.7482461472379702,False
36,-2.1027236335417805,0.008373582376139787,0.004293851992663215,97.47242647058823,78.39416058394161,0.566121836493383,0.10607453435659409,0.46092954979223366,0.040001611718360114,0.7609968185424805,1.6608338398760716,False
37,-2.224583723965813,0.006073580910999547,0.002924624611349667,97.93198529411765,83.06569343065694,0.5598319069133054,0.10605631023645401,0.3928365584682016,0.03975103138124242,0.7481162548065186,1.5777921478822678,False
38,-2.380922380615683,0.0030386084391091786,0.002604523125816794,98.98897058823529,80.82725060827251,0.5527428443325225,0.10596096515655518,0.3426106984124464,0.03412730213912094,0.7354494333267212,1.4989025404881544,False
39,-2.2365734892732956,0.006668881068060941,0.002267932190614588,98.62132352941177,82.67639902676399,0.5830095169301047,0.10587304085493088,0.3135111963047701,0.036247086108607406,0.7229906916618347,1.4239574134637467,False
40,-1.8895280957221985,0.014838613638216081,0.0023486964842852425,96.92095588235294,83.01703163017032,0.5474403185503179,0.10591015219688416,0.3243703088339637,0.03547433292602792,0.7107528448104858,1.3527595427905592,False
41,-2.2689853345646576,0.006651584798579707,0.0027904580621158376,98.16176470588235,79.7080291970803,0.5074907351274088,0.10593914240598679,0.3762873533894034,0.03737730489057653,0.6987344622612,1.285121565651031,False
42,-2.4181982769685635,0.0037128140667097315,0.0026037973516127642,99.12683823529412,78.49148418491484,0.5403138218892464,0.10584275424480438,0.3384992620524238,0.036924525876255596,0.686935544013977,1.2208654873684797,False
43,-2.463901267332189,0.0031674159532378648,0.0023299666012034695,99.58639705882354,81.60583941605839,0.5477133082225661,0.10571232438087463,0.2625017779714921,0.033089756417800396,0.6753361225128174,1.1598222130000555,False
44,-2.566244560129502,0.0012872153935912887,0.0023622547878938563,99.6783088235294,80.0,0.5225143220958505,0.10557228326797485,0.25719558491426353,0.032884098918122405,0.6639328002929688,1.1018311023500529,False
45,-2.557391180711634,0.0018677597870598273,0.0024220908389371984,99.6783088235294,80.09732360097324,0.5471067701842959,0.1053924635052681,0.2213811637724147,0.036151942961356216,0.6527333855628967,1.04673954723255,False
46,-2.58218521230361,0.0016518060848979717,0.0029485576293047737,99.49448529411765,77.42092457420925,0.49903288830638665,0.10522577166557312,0.2465770612744724,0.04047734695760643,0.6417344212532043,0.9944025698709225,False
47,-2.5972563519197354,0.0017408184683196904,0.003138422966003418,99.31066176470588,78.63746958637469,0.49828921595323905,0.10504667460918427,0.2388452361611759,0.038685445947682154,0.6309395432472229,0.9446824413773763,False
48,-2.629162732292624,0.0015062176149941103,0.002726456698249368,99.49448529411765,78.68613138686132,0.5350190302999317,0.10485608130693436,0.23059476649059968,0.03415092420490349,0.620327353477478,0.8974483193085075,False
49,-2.6805605327381805,0.0008211725308844025,0.002356276792638442,99.6783088235294,80.87591240875912,0.5773531854559305,0.1046517863869667,0.19489420703886187,0.033120002926272506,0.6098851561546326,0.852575903343082,False
50,-2.64417662340052,0.0020890926098218188,0.001750770737143124,99.31066176470588,83.01703163017032,0.5638991393081887,0.10444875061511993,0.18195866661913254,0.02943577737930943,0.599621593952179,0.809947108175928,False
51,-2.560038720860201,0.004214026934385081,0.002149771241580739,98.66727941176471,81.75182481751825,0.5021561855814212,0.10430215299129486,0.2161604674423442,0.036871050320127434,0.5895254611968994,0.7694497527671316,False
52,-2.5577907001270965,0.004683319296044133,0.0018529436167548684,99.08088235294117,80.63260340632604,0.5560581312290312,0.10414408892393112,0.2549652255633298,0.03275166408104055,0.5796075463294983,0.7309772651287749,False
53,-2.663490085040822,0.002847123666844495,0.0013114143820369944,98.62132352941177,82.04379562043796,0.5463179938610108,0.10398713499307632,0.24637666870565975,0.028318859088946793,0.5698487758636475,0.6944284018723361,False
54,-2.666162750300239,0.003182842276788399,0.0013730946709127987,99.26470588235294,83.84428223844282,0.5942082447316358,0.10381076484918594,0.2060326618306777,0.02946797473465695,0.5602518320083618,0.6597069817787193,False
55,-2.755675568300135,0.0016215772895306786,0.0017618677195380716,99.49448529411765,83.16301703163018,0.5600502604872616,0.10361077636480331,0.2294938844792983,0.029696299968396917,0.5508273243904114,0.6267216326897833,False
56,-2.760240681031171,0.001938897577501313,0.0016902790350072523,99.17279411764706,81.02189781021897,0.5753825927046319,0.10340094566345215,0.23710938586908228,0.02810611137572457,0.541572630405426,0.5953855510552941,False
57,-2.8089691891389736,0.0013109048420173006,0.0015611823867349064,99.40257352941177,83.60097323600974,0.5608187502761787,0.10316435247659683,0.23690859973430634,0.027063077753957582,0.5324746966362,0.5656162735025293,False
58,-2.821238545810475,0.001385115530437735,0.002110772273119758,99.58639705882354,82.4330900243309,0.5617217934265678,0.10292302817106247,0.23303521380704992,0.0314565499258392,0.5235350728034973,0.5373354598274028,False
59,-2.840485699036542,0.0013481718064320054,0.002431333065032959,99.63235294117646,79.95133819951339,0.5752222153827147,0.10267192870378494,0.23598534394713008,0.032768289175103694,0.5147665739059448,0.5104686868360326,False
60,-2.885064868366017,0.0008673464771538205,0.0018792082281673655,99.63235294117646,80.38929440389295,0.5076208020738341,0.10242662578821182,0.23378876991131725,0.029406096347991156,0.5061423778533936,0.48494525249423104,False
61,-2.8723656570210174,0.0015572219805001035,0.0017266238436979406,99.81617647058823,81.11922141119221,0.5779574569817126,0.10217798501253128,0.21313277588171117,0.028455113444258186,0.4976668953895569,0.4606979898695195,False
62,-2.9025808502646053,0.0013885812371453915,0.0011359909001518698,99.77022058823529,82.67639902676399,0.5277134372139973,0.10191643983125687,0.20741112705539255,0.02456480752238456,0.4893141984939575,0.43766309037604345,False
63,-2.8397906247307274,0.002959019448419841,0.0022553450921002556,99.26470588235294,80.63260340632604,0.5495833117737355,0.10168659687042236,0.26939134387408986,0.029309421668157858,0.48111170530319214,0.41577993585724127,False
64,-2.8682317172779754,0.0028187680239652227,0.0015581355375402113,99.12683823529412,78.83211678832117,0.567729565612709,0.10147068649530411,0.27065880771945505,0.025594307164497235,0.4730624258518219,0.39499093906437915,False
65,-2.9789685361525593,0.0009310599422914332,0.0015864196945639217,99.49448529411765,79.41605839416059,0.5662771688563742,0.10121140629053116,0.27093489555751576,0.024567679009016824,0.4651460349559784,0.3752413921111602,False
66,-2.9844343241523292,0.0010601305699203616,0.0028299584108240463,99.63235294117646,78.9294403892944,0.5126508449294238,0.1009267270565033,0.23964077760191524,0.03470303994767806,0.4573608934879303,0.3564793225056022,False
67,-2.9994218629949234,0.0012206047737409415,0.0022253008449778836,99.35661764705883,79.41605839416059,0.520041665662525,0.10064555704593658,0.19459883956348195,0.03203141218160882,0.4497537612915039,0.33865535638032207,False
68,-2.982800133088056,0.0020100059919059277,0.00184100165086634,99.44852941176471,79.02676399026764,0.5391241857521991,0.10038457065820694,0.21362868039047017,0.02643928145441939,0.4422440230846405,0.3217225885613059,False
69,-3.0819331617916332,0.00038788495144484946,0.001542371862074908,99.77022058823529,81.36253041362531,0.5435580263973988,0.10008314251899719,0.17704684550271316,0.030286635984392726,0.43485400080680847,0.3056364591332406,False
70,-3.096917194478652,0.0005504744124075788,0.0012017418356502756,99.90808823529412,82.14111922141119,0.5493957794963893,0.09976036101579666,0.17115606104626374,0.02549948965144508,0.42758193612098694,0.2903546361765786,False
71,-3.1237634630764233,0.0004171853660248898,0.0010110385277692009,99.77022058823529,82.14111922141119,0.550105002073598,0.09943525493144989,0.1754556105417364,0.025790040381252766,0.42042261362075806,0.27583690436774966,False
72,-3.1426056833828198,0.0004179460622808887,0.00143050095614265,99.95404411764706,81.02189781021897,0.5395708637775242,0.09910568594932556,0.17148548189331503,0.02565687938648112,0.41338518261909485,0.26204505914936216,False
73,-3.143429728115306,0.0006539677722364157,0.0024622433325823616,99.63235294117646,76.78832116788321,0.473926510963548,0.09877999871969223,0.19628791511058807,0.0325350799214314,0.40648096799850464,0.24894280619189402,False
74,-3.0955389738082886,0.0020715187193833546,0.002042237450094784,99.90808823529412,79.85401459854015,0.5742550583070425,0.09845118969678879,0.15439997525776133,0.025665562161627936,0.39974701404571533,0.23649566588229934,False
75,-3.0426845690783333,0.0033564915968193366,0.002673527773688821,99.5404411764706,79.36739659367396,0.5473662599195254,0.09821224212646484,0.19509882786694696,0.030696768642348403,0.3931022882461548,0.22467088258818435,False
76,-3.1204809301039753,0.00231038319564986,0.0018701833837172564,99.21875,79.07542579075425,0.5328681466056223,0.0979732945561409,0.20008129757993362,0.025111393016927382,0.38657495379447937,0.2134373384587751,False
77,-3.193655420752133,0.0012896126743405201,0.0013457676943610696,99.26470588235294,80.2919708029197,0.5429254212466225,0.09768729656934738,0.21727968489422517,0.025502959868925458,0.3801408112049103,0.20276547153583635,False
78,-3.258754912544699,0.0003720759471916073,0.0014793592340805952,100.0,81.36253041362531,0.5782871109583528,0.09735824912786484,0.21019347625620224,0.029904330149292946,0.37380409240722656,0.1926271979590445,False
79,-3.2708972061381623,0.0005298639774898274,0.001491097842945772,99.77022058823529,83.60097323600974,0.5769008836445044,0.09699588268995285,0.20356935175026164,0.02900962542523356,0.3675701320171356,0.1829958380610923,False
80,-3.279273832545561,0.0007144340941126155,0.0020148438565871295,99.86213235294117,83.11435523114355,0.579520460764093,0.09664422273635864,0.17139031451798098,0.03008624357993112,0.361453115940094,0.17384604615803767,False
81,-3.255099857554716,0.0016107928555784917,0.0014226015876321232,99.5404411764706,83.30900243309003,0.5657303088269973,0.09632115066051483,0.1798956332837834,0.026107273612390545,0.35545971989631653,0.1651537438501358,False
82,-3.299240603166468,0.0011603182907519488,0.0013744059730978573,99.77022058823529,80.7785888077859,0.5794415445625503,0.09597615152597427,0.20625337607720318,0.024350209271206576,0.34953635931015015,0.15689605665762899,False
83,-3.3244889623978557,0.0010689551854738966,0.0012182943961199593,99.58639705882354,79.85401459854015,0.5237640958943625,0.09565082937479019,0.22258249275824604,0.02406146749854088,0.3437170684337616,0.14905125382474754,False
84,-3.3834268485798553,0.0002970542841199751,0.0017745003980748793,99.86213235294117,79.4647201946472,0.5781301384612558,0.09528698772192001,0.20975616311325745,0.02614507095559555,0.3380184769630432,0.14159869113351015,False
85,-3.2434762067654552,0.003195942435143827,0.0016657710075378418,99.90808823529412,83.11435523114355,0.5661479685198021,0.09491588175296783,0.15570720811100566,0.027874331209151185,0.3323969841003418,0.13451875657683462,False
86,-3.3758964398327995,0.0011876952945211836,0.0014853232047137093,99.72426470588235,83.06569343065694,0.572146125173557,0.09465116262435913,0.1592991317019743,0.026201275725136784,0.32687726616859436,0.1277928187479929,False
87,-3.3964718650369083,0.0010800988644298153,0.0019806903951308306,99.72426470588235,80.14598540145985,0.5316525125072555,0.09431116282939911,0.18771995954653797,0.0298257290988284,0.32146263122558594,0.12140317781059325,False
88,-3.4591266127193676,0.00041888868800550187,0.0014611517681795009,99.95404411764706,80.68126520681265,0.5519286657268379,0.09395458549261093,0.15916929525487564,0.02489529593902476,0.3161503076553345,0.11533301892006356,False
89,-3.4640484557432285,0.000687852543692583,0.001392062972573673,99.86213235294117,81.26520681265207,0.5738604720090542,0.09357171505689621,0.14821278566823287,0.025993818252840462,0.31090453267097473,0.10956636797406039,False
90,-3.4235087633132935,0.0017874783242110854,0.0011243399451760685,99.86213235294117,81.65450121654501,0.5696901205817465,0.09319029003381729,0.14797808186096303,0.02378904468872968,0.305745005607605,0.10408804957535737,False
91,-3.524934207691866,0.000379196438433048,0.0010457880356732536,99.77022058823529,80.92457420924575,0.5664882222372899,0.09284696727991104,0.1437196144286324,0.02440798781154787,0.3006576895713806,0.0988836470965895,False
92,-3.5342127154855167,0.0005264952694286715,0.0012618022806504194,99.81617647058823,80.43795620437956,0.5436850981606846,0.09245890378952026,0.15576205972362966,0.026587021208423024,0.2956625819206238,0.09393946474176001,False
93,-3.4747307721306298,0.0018859058152563247,0.0014419485540950999,99.49448529411765,81.0705596107056,0.5435337909174742,0.09209682047367096,0.14619095360531525,0.024801959448000965,0.29076340794563293,0.08924249150467202,False
94,-3.5699043414172005,0.0005676890145610634,0.001581900260027717,99.77022058823529,81.16788321167883,0.5507787337942845,0.09172958880662918,0.1701316228684257,0.026770251693532747,0.28596818447113037,0.08478036692943841,False
95,-3.561858962563907,0.001046700738644337,0.0015961773255292106,99.63235294117646,80.09732360097324,0.5668174365108358,0.09134582430124283,0.16717782967230854,0.02588508393177215,0.28123363852500916,0.08054134858296648,False
96,-3.605908982894,0.0007015736008246917,0.001245088437024285,99.6783088235294,81.41119221411192,0.5869600121113093,0.09096129238605499,0.15869310059968164,0.024258820394821027,0.27658790349960327,0.07651428115381816,False
97,-3.655141227385577,0.00023071012266066593,0.0011964790961321663,99.81617647058823,80.97323600973236,0.5696586885579314,0.09054780006408691,0.1404160901027567,0.025131066658479327,0.27201300859451294,0.07268856709612724,False
98,-3.679862443138571,0.0002480356440829008,0.0009469074361464556,99.95404411764706,82.23844282238443,0.5666998359479823,0.09011796861886978,0.12254208501647501,0.019614713595193976,0.267514705657959,0.06905413874132088,False
99,-3.689984924652997,0.0004136336873326694,0.0008600950241088867,99.81617647058823,80.72992700729927,0.5493749288052219,0.0896906852722168,0.134910548434538,0.021788815255550778,0.2630707323551178,0.06560143180425483,False
100,-3.6050433551563934,0.0020147151373534787,0.0014289161738227395,99.63235294117646,78.29683698296837,0.5589290360843777,0.08928515762090683,0.1564816696678891,0.023782073794042364,0.25871458649635315,0.06232136021404208,False
101,-3.69901021789102,0.0008871544174553492,0.0012173056602478027,99.72426470588235,83.06569343065694,0.5719220201787311,0.08894970268011093,0.12940933862153223,0.021562297883279184,0.2544515132904053,0.059205292203339976,False
102,-3.7427454976474537,0.0004497120680218145,0.0016266107559204102,99.90808823529412,82.77372262773723,0.5703078556263269,0.08853383362293243,0.11973366448107887,0.02350572869181633,0.25025928020477295,0.05624502759317297,False
103,-3.7462213740629307,0.0006670280486840805,0.0018218615475822898,99.81617647058823,83.84428223844282,0.5809174169948493,0.08811382949352264,0.10547809741076301,0.027321445372174766,0.24616865813732147,0.053432776213514326,False
104,-3.5067193508148193,0.00479451856872134,0.0011182813083424287,99.5404411764706,82.77372262773723,0.5628484916272766,0.08783183246850967,0.12268499197328792,0.023506151073995757,0.24213311076164246,0.05076113740283861,False
105,-3.702209935468786,0.0019059857499729225,0.0018821183372946346,99.58639705882354,78.54014598540147,0.5667755102040816,0.08756043761968613,0.20958687671843698,0.026088288875625414,0.23816819489002228,0.04822308053269667,False
106,-3.4137376196244182,0.006631538687489571,0.0017359712544609519,98.8970588235294,83.45498783454988,0.5523401212988556,0.08730842918157578,0.1753436160438201,0.024200518889462248,0.23426735401153564,0.04581192650606184,False
107,-3.6321095017825855,0.0035601992293617084,0.0015039969893062815,99.08088235294117,80.04866180048661,0.5520079809794456,0.08723845332860947,0.27911989653811736,0.024319461546838284,0.23045392334461212,0.043521330180758745,False
108,-3.8094076970044304,0.001140722894727814,0.0016052757992463954,99.77022058823529,79.07542579075425,0.5652180623656319,0.08694344013929367,0.24497179336407604,0.022385760813074952,0.22668085992336273,0.041345263671720804,False
109,-3.8828919214360855,0.0003772492073307256,0.001354662811054903,99.95404411764706,81.50851581508516,0.5713471863426199,0.08652342855930328,0.18266825202633352,0.023285342544755516,0.2229677438735962,0.03927800048813476,False
110,-3.815467624103322,0.0017719332010239655,0.0009548068046569824,99.95404411764706,83.16301703163018,0.5918739140011936,0.08611239492893219,0.159062922000885,0.021289486438035965,0.21931272745132446,0.037314100463728024,False
111,-3.921622122035307,0.00041236726119945266,0.001348281607908361,99.81617647058823,80.87591240875912,0.592057598505829,0.08570580184459686,0.18460229389807759,0.02356361937435234,0.21570250391960144,0.035448395440541625,False
112,-3.9543613966773536,0.00022819367364611346,0.0013976062045377843,99.90808823529412,81.16788321167883,0.5827142899543395,0.08524966984987259,0.16377762573606827,0.024699145818457884,0.21216844022274017,0.03367597566851454,False
113,-3.9894721508026123,0.00010340770058506036,0.0011764063554651598,100.0,82.53041362530413,0.5956270710576786,0.0847761332988739,0.15350928902626038,0.01975453261505155,0.20870260894298553,0.031992176885088805,False
114,-3.9882444353664623,0.00037513625190901137,0.001500108662773581,99.90808823529412,83.21167883211679,0.6032679602578441,0.08429741114377975,0.1275436690732878,0.020521454513072968,0.20527571439743042,0.030392568040834365,False
115,-4.008503507165348,0.0004834204815402643,0.0009290891535141889,99.81617647058823,83.01703163017032,0.5862814901384781,0.08383511751890182,0.1449576265671674,0.020288412733113066,0.20193178951740265,0.028872939638792644,False
116,-3.9210138881907746,0.002006033248883742,0.0009311542791478775,99.49448529411765,80.82725060827251,0.546191984205623,0.08339400589466095,0.1494473782094086,0.018790485446943957,0.1986217200756073,0.027429292656853014,False
117,-3.9190733713262222,0.002192063599201955,0.0015546819742988138,99.58639705882354,81.11922141119221,0.5909009542798693,0.0830698311328888,0.1403748384293388,0.01941754904520862,0.19537323713302612,0.02605782802401036,False
118,-3.985714884365306,0.0016251908914187772,0.0010110911201028263,99.63235294117646,83.74695863746959,0.5962735966149374,0.08275102823972702,0.15915098435738506,0.01968125779839123,0.19219182431697845,0.024754936622809844,False
119,-3.931230264551499,0.0027006091515752763,0.0007742432986988741,99.44852941176471,83.45498783454988,0.6056803557860612,0.08243211358785629,0.12823345205363104,0.016850975068176493,0.18902844190597534,0.02351718979166935,False
120,-4.1320765439201805,0.0001659685202037722,0.000981744597939884,100.0,82.87104622871047,0.5983733533599592,0.0820179432630539,0.15039434766068177,0.020575868842356345,0.18592342734336853,0.02234133030208588,False
121,-4.153289879069609,0.00018367876614721514,0.000984794953290154,99.95404411764706,84.18491484184915,0.596908334476295,0.08153852075338364,0.13059740546433365,0.01912044416017392,0.18287573754787445,0.021224263786981584,False
122,-4.184016003328211,0.00010662506254695526,0.00084763064103968,99.95404411764706,84.18491484184915,0.5924342644660845,0.08104321360588074,0.12111731574815862,0.017608508522457936,0.17988252639770508,0.020163050597632508,False
123,-4.189679356182323,0.0003327944418140974,0.0008062054129207836,99.90808823529412,84.08759124087591,0.5949684731721971,0.08054588735103607,0.10629230255589765,0.017675703501000124,0.17693544924259186,0.019154898067750878,False
124,-4.23110294342041,8.800609849234821e-05,0.0008526444435119629,100.0,83.11435523114355,0.5960275169931654,0.08005767315626144,0.12412446211366092,0.014501456226057866,0.17402832210063934,0.018197153164363336,False
125,-4.252060188966639,0.0001410459788142843,0.0006845488267786362,99.90808823529412,82.91970802919708,0.5900296251724572,0.07955728471279144,0.1353080518105451,0.013845312463886598,0.17116470634937286,0.01728729550614517,False
126,-4.246988380656523,0.000491929234703334,0.0006155897589290843,99.95404411764706,82.9683698296837,0.5936150979096285,0.07905500382184982,0.1126668464173289,0.015901245998547357,0.16834671795368195,0.016422930730837906,False
127,-4.249593720716589,0.0006404241697135363,0.0009274728157941033,99.63235294117646,81.55717761557177,0.5723501776295743,0.07858593016862869,0.12961033950833714,0.018590370083556455,0.16557466983795166,0.015601784194296012,False
128,-4.293707342708812,0.0003340197048039366,0.001046149169697481,99.90808823529412,81.99513381995133,0.588198130217116,0.07812907546758652,0.1275613988366197,0.018785851733649477,0.16288192570209503,0.014821694984581212,False
129,-4.315479531007655,0.000287666631956373,0.001164727351244758,99.90808823529412,82.14111922141119,0.5720386697855216,0.07763373106718063,0.12852448794771643,0.02103651238276678,0.16024816036224365,0.01408061023535215,False
130,-4.332144582972807,0.0003922834642120379,0.0010848150533788344,99.86213235294117,81.55717761557177,0.5732880643217181,0.07714001834392548,0.12300095049773946,0.01663521956652403,0.15765191614627838,0.01337657972358454,False
131,-4.326141427544987,0.0007946689643139179,0.0008220392114975873,99.77022058823529,82.09245742092457,0.6018639525294055,0.07666795700788498,0.11859462629346286,0.01446890817297732,0.15510760247707367,0.012707750737405312,False
132,-2.597003593164332,0.021235233836892697,0.0014071569723241469,99.21875,82.09245742092457,0.6032931381731678,0.07734312862157822,0.12450874903622795,0.018868214395992896,0.15263214707374573,0.012072363200535048,False
133,-3.784317135810852,0.007521076585309107,0.0011061815654530244,99.03492647058823,82.9683698296837,0.6002391727572224,0.07771052420139313,0.18850917763569774,0.015179253785925753,0.15018330514431,0.011468745040508295,False
134,-4.339170259587905,0.0010348569179340677,0.0008963311419767491,99.44852941176471,81.31386861313868,0.5892149481945056,0.07772073894739151,0.24680898645344904,0.015268869314561872,0.1477557122707367,0.01089530778848288,False
135,-4.330720480750589,0.0013699649592073162,0.0008879724670858944,99.63235294117646,82.18978102189782,0.5935837521119628,0.07741419225931168,0.20388824010596557,0.014009021578685325,0.1453688144683838,0.010350542399058735,False
136,-4.325949262170231,0.0016773744965469044,0.0007525086402893066,99.90808823529412,83.01703163017032,0.5815294257912927,0.0770023912191391,0.16395911267575095,0.01711669213631574,0.1430095136165619,0.01,False
137,-4.4758921511033005,0.00013074694533088405,0.0008203702814438764,100.0,82.04379562043796,0.5865063409975647,0.07663765549659729,0.16798922989298315,0.0154368707581478,0.14067575335502625,0.01,False
138,-4.494256103740019,0.00020540448089350857,0.0007257847224964815,100.0,82.62773722627738,0.5806371921568343,0.07617945969104767,0.1560747601530131,0.013439520536100162,0.13839586079120636,0.01,False
139,-4.4820512322818535,0.0006096294191986077,0.0006520713076871984,99.95404411764706,83.7956204379562,0.5943078902240432,0.07574290782213211,0.1447740657364621,0.015352427685523735,0.13613490760326385,0.01,False
140,-4.5519795417785645,1.8640993501736267e-05,0.0007617964464075425,100.0,83.69829683698296,0.5944522798987607,0.07527123391628265,0.14218203942565358,0.015406743623316288,0.13392265141010284,0.01,False
141,-4.568176578072941,2.216793133330237e-05,0.0009522648418650907,100.0,82.53041362530413,0.589225937912022,0.07478424906730652,0.13053782656788826,0.015978265444145483,0.13175977766513824,0.01,False
142,-4.6001443301930145,2.0393380837316834e-05,0.0006192116176380831,100.0,82.62773722627738,0.5904366563649298,0.07429397106170654,0.1290095799109515,0.015714035259888452,0.12963241338729858,0.01,False
143,-4.539067576913273,0.0009791912195968213,0.0005011979271383846,99.95404411764706,82.09245742092457,0.5868379592537405,0.07381128519773483,0.12247040122747421,0.014133624075090183,0.12752200663089752,0.01,False
144,-4.6393467959235695,2.751592751504926e-05,0.0007797339383293601,100.0,81.89781021897811,0.582016519817207,0.07338935881853104,0.1377559632939451,0.013845010907115304,0.1254539042711258,0.01,False
145,-4.666065496556899,3.8844372766407906e-05,0.0005951909457936007,100.0,81.94647201946472,0.5856174464682382,0.07290724664926529,0.1253734846763751,0.014082033817163286,0.12341666966676712,0.01,False
146,-4.664094251744888,0.0001960367965439753,0.0008421540260314941,99.90808823529412,82.14111922141119,0.5945347813438224,0.07241915911436081,0.1296134599867989,0.016129572464920142,0.12143214792013168,0.01,False
147,-4.235686302185059,0.00479299821139989,0.001077872865340289,99.72426470588235,83.84428223844282,0.5967540182705834,0.07224056869745255,0.11176805504981209,0.016957327093490782,0.11950571089982986,0.01,False
148,-4.658652642193963,0.0005844779673626524,0.0009818217333625345,99.81617647058823,83.11435523114355,0.5773276940214994,0.07192732393741608,0.10785754945348291,0.018546686589937,0.11761823296546936,0.01,False
149,-4.552553443347707,0.0017970745774291304,0.0011549592018127441,99.31066176470588,80.92457420924575,0.6286761649897247,0.0715658962726593,0.13039997833616593,0.019375575213309598,0.11577233672142029,0.01,False
150,-4.379579459919649,0.0038824603708395872,0.0008182245142319623,99.35661764705883,83.89294403892944,0.587703089342826,0.07138770818710327,0.14168986984912088,0.016596927061019576,0.11395860463380814,0.01,False
151,-4.627454519271851,0.00085258037699318,0.002412687329684987,99.58639705882354,80.14598540145985,0.5886834024225664,0.07111736387014389,0.1944319833727444,0.019981777158511037,0.11217637360095978,0.01,False
152,-4.68013035549837,0.001173966856988366,0.0008132317486931296,99.63235294117646,81.02189781021897,0.5899329471106626,0.07071804255247116,0.1583414421800305,0.014346758944585043,0.11058927327394485,0.01,False
153,-4.776052671320298,0.00042447159670272786,0.0007769184954026166,99.90808823529412,81.84914841849148,0.6055202301107953,0.07031149417161942,0.14582435173146865,0.013815452892552404,0.10886161029338837,0.01,False
154,-3.501163089976591,0.01320340678905589,0.0006566573591793285,99.86213235294117,82.9683698296837,0.5778846952087844,0.07091208547353745,0.12149946961332769,0.01723164815784377,0.10712645947933197,0.01,False
155,-4.7947906045352715,0.0003964303347776663,0.0009746937190785128,99.95404411764706,83.30900243309003,0.5745058047209738,0.07069410383701324,0.11183043404975358,0.017573488437954116,0.10543999075889587,0.01,False
156,-4.830823786118451,0.0002397944119904343,0.0009264420060550465,99.95404411764706,83.60097323600974,0.585367565338269,0.07030566781759262,0.09828227889888427,0.018766374765511823,0.10379566997289658,0.01,False
157,-4.761177315431483,0.0011570877348323367,0.0008814369930940516,99.95404411764706,82.91970802919708,0.5921741101033361,0.06989991664886475,0.10763640570289948,0.01404153325540178,0.1021910235285759,0.01,False
158,-4.894381018245921,9.693843355093764e-05,0.000783233081593233,99.95404411764706,83.11435523114355,0.5797170929659857,0.06954856961965561,0.10355578143807019,0.013227201477788827,0.10058530420064926,0.01,False
159,-4.909408316892736,3.487943546160215e-05,0.0009821057319641113,100.0,82.87104622871047,0.5894518250370243,0.06912406533956528,0.10085834047811873,0.016176235232063952,0.09899846464395523,0.01,False
160,-4.942476384779987,3.44908759289223e-05,0.0007648538140689625,100.0,81.94647201946472,0.586711150029447,0.06868307292461395,0.09715799318955225,0.013775161357925218,0.09747400134801865,0.01,False
161,-4.949813113493078,4.762016886542476e-06,0.0010491609573364258,100.0,82.33576642335767,0.5893329813934965,0.0682390108704567,0.10210623066214954,0.016151014770216802,0.09596690535545349,0.01,False
162,-4.986040788538316,3.797753884234279e-06,0.0008106477120343377,100.0,82.38442822384428,0.5827798045055462,0.06779211759567261,0.09086597338318825,0.011253653011996956,0.09449867159128189,0.01,False
163,-5.012511281406178,6.050235241590188e-05,0.0005829088828142951,100.0,82.77372262773723,0.5939277639922801,0.06734521687030792,0.08894767239689827,0.01349295607274946,0.09302347153425217,0.01,False
164,-5.028061726514031,7.885246757034698e-06,0.0007706635138567756,100.0,82.28710462287104,0.5916742765863083,0.06690093129873276,0.07983767197412603,0.014752810875720838,0.09154532104730606,0.01,False
165,-5.033009641310748,1.152874730792064e-05,0.0010128266671124626,100.0,83.74695863746959,0.6068381790199364,0.0664527639746666,0.0755177978426218,0.01675023904125042,0.09014415740966797,0.01,False
166,-5.08603505527272,4.738459934284331e-06,0.0005349166253033807,100.0,82.77372262773723,0.5853348503860242,0.0660034567117691,0.06995266782777275,0.013038288774516653,0.08877083659172058,0.01,False
167,-5.064701641307158,4.017057600733284e-05,0.0010998073746176327,100.0,82.62773722627738,0.587438892588599,0.06555430591106415,0.0763000438318533,0.016379985465284658,0.08738335222005844,0.01,False
168,-5.052676986245548,0.0003058586273448578,0.0011083062957314884,99.95404411764706,81.16788321167883,0.6070855219306533,0.06511548161506653,0.09513986921485733,0.01571878180017366,0.08609434217214584,0.01,False
169,-4.894708114511826,0.0017192465129616775,0.001248612123377183,99.81617647058823,85.20681265206812,0.6291995527585055,0.06482388824224472,0.09121978414409301,0.014552287154776208,0.08488645404577255,0.01,False
170,-5.040593371671789,0.0006368822759889233,0.0011939090840956744,99.81617647058823,84.08759124087591,0.5976092735959447,0.06443634629249573,0.07892808640933842,0.01769126866779783,0.08362770080566406,0.01,False
171,-5.019456975600299,0.0013695121583489655,0.000562755500569063,99.72426470588235,82.33576642335767,0.5946607778395777,0.06411006301641464,0.09046004515360384,0.008788768667727709,0.08240906149148941,0.01,False
172,-5.019792500664206,0.0011932686487893186,0.0010172128677368164,99.58639705882354,82.7250608272506,0.6183757488004029,0.06381633132696152,0.09639620211194544,0.017216574838932824,0.08115113526582718,0.01,False
173,-5.138682141023524,0.0005574221302274108,0.0007235337706173168,99.86213235294117,83.35766423357664,0.6137775233695436,0.06346976011991501,0.10785403387511477,0.014250451370197184,0.07995080202817917,0.01,False
174,-5.167474971098058,0.0004628927379779752,0.0007482767105102539,99.72426470588235,82.18978102189782,0.5886440212709477,0.06307140737771988,0.10740328492487178,0.01302178782027434,0.07872956246137619,0.01,False
175,-5.170855311786427,0.0007347744968977649,0.0005334615707397461,99.90808823529412,83.21167883211679,0.594083490776415,0.06266001611948013,0.07727582199389443,0.01180632456260569,0.0775255337357521,0.01,False
176,-5.13720630196964,0.0006795436931785095,0.0012073657091926126,99.6783088235294,83.06569343065694,0.5986072097608215,0.06231696531176567,0.08720328965607811,0.01679880897898008,0.07633967697620392,0.01,False
177,-5.147691193748923,0.0007977074711454727,0.0010941905133864459,99.63235294117646,81.89781021897811,0.5899845868728935,0.06196431443095207,0.10281031929394778,0.01706652740454849,0.07526150345802307,0.01,False
178,-5.266806546379538,0.0002634944650628099,0.0007429403417250689,99.90808823529412,83.06569343065694,0.5952520597681888,0.06155501678586006,0.11154359228470746,0.0142564817386515,0.07420965284109116,0.01,False
179,-4.8842693970483895,0.0032542151957620584,0.0007805999587563908,99.86213235294117,82.14111922141119,0.5467773159892415,0.06128457933664322,0.08813745112103574,0.013678705484113273,0.0731075182557106,0.01,False
180,-5.21439858043895,0.0005541324096879287,0.0012238446403952205,99.81617647058823,82.28710462287104,0.5942757236890684,0.06108224019408226,0.08601495842723285,0.018053611411767846,0.07205036282539368,0.01,False
181,-5.213133882073795,0.001097220103661932,0.000681912197786219,99.90808823529412,80.09732360097324,0.5810725943625952,0.060765814036130905,0.11271976635736577,0.009427525020916672,0.07106658071279526,0.01,False
182,-5.349925546085133,0.00038490117775115976,0.0004416634054744945,99.86213235294117,82.4330900243309,0.6016502079552387,0.06039341166615486,0.10251481086015701,0.011563631925074494,0.06998924911022186,0.01,False
183,-5.3690566736109115,0.0001511579892056649,0.0007533536237828872,99.95404411764706,83.06569343065694,0.5893710805545712,0.05998609587550163,0.07970394884400508,0.013855176265625394,0.06892066448926926,0.01,False
184,-5.231691626941457,0.0005587408289767716,0.0016725624308866613,99.95404411764706,81.11922141119221,0.5800559645901642,0.05958956480026245,0.08188905895632856,0.013820731163244037,0.06791872531175613,0.01,False
185,-4.974142646088319,0.003164987787904018,0.0007759788457085105,99.81617647058823,82.38442822384428,0.6031050003437004,0.059273045510053635,0.08186735256629832,0.013699612908941857,0.06710953265428543,0.01,False
186,-4.826945017365849,0.00381133683191258,0.0013341833563411936,99.58639705882354,81.65450121654501,0.5703330717412868,0.059464555233716965,0.09655197556404506,0.019365049405571294,0.06621389091014862,0.01,False
187,-4.6800937091603,0.005540408775593331,0.0005845427513122559,99.86213235294117,83.45498783454988,0.5971498893147972,0.05972743406891823,0.09270804315576028,0.015047714662025957,0.06535325944423676,0.01,False
188,-5.394261079676011,0.0004551784409694151,0.0007332037476932301,99.81617647058823,82.87104622871047,0.6069137702688191,0.05951370298862457,0.09479081696447204,0.013202582239447272,0.06442210078239441,0.01,False
189,-5.366354367312263,0.0005140846497149579,0.0010089383405797621,99.90808823529412,82.18978102189782,0.5957288147072545,0.05913670361042023,0.09631629332023509,0.01602569203275968,0.06352021545171738,0.01,False
190,-5.2009345503414375,0.0019734112679108927,0.0007885063395780675,99.6783088235294,82.7250608272506,0.5824661559162506,0.058896757662296295,0.08300055957892362,0.014007841812118012,0.06264862418174744,0.01,False
191,-5.269968818215763,0.001089990697941487,0.0013301021912518669,99.77022058823529,81.80048661800487,0.5976412437401191,0.058615829795598984,0.11743163361268885,0.01382270608754719,0.06179160252213478,0.01,False
192,-3.2855309458339916,0.014697976817762323,0.0014160555951735552,99.26470588235294,83.2603406326034,0.6055726343194637,0.05929970368742943,0.08800703374778523,0.022419658818227405,0.06113779544830322,0.01,False
193,-5.304990964777329,0.0016359174616862968,0.000564108876621022,99.72426470588235,82.53041362530413,0.6023524729101902,0.05963815748691559,0.10906343118232839,0.012433118351242122,0.06041494384407997,0.01,False
194,-5.308886317645802,0.0014015593646276743,0.0008357763290405273,99.72426470588235,83.55231143552311,0.6055533274533857,0.05952782183885574,0.09525708876111928,0.016697904834633365,0.05955270677804947,0.01,False
195,-4.789153574144139,0.005290285745544184,0.0007220681975869572,99.86213235294117,82.77372262773723,0.5981620931697944,0.05951513722538948,0.09275294226758621,0.01341729290673838,0.05874988064169884,0.01,False
196,-5.468262223636403,0.0003846480546920194,0.0008796909276176902,99.72426470588235,82.33576642335767,0.6065475438763871,0.059441931545734406,0.10746321695692398,0.015298937337801737,0.05795380845665932,0.01,False
197,-5.370100694544175,0.0017326023631784103,0.0003741628983441521,99.86213235294117,81.89781021897811,0.5988507841983068,0.059262972325086594,0.10748464570325963,0.007523287087678909,0.05717286095023155,0.01,False
198,-5.585168726303998,0.00018429331195795172,0.0004975304884069107,99.95404411764706,82.82238442822384,0.6107670009214319,0.05898561328649521,0.10526898503303528,0.011269055854748277,0.0563289113342762,0.01,False
199,-5.346733612172744,0.0018613139651974693,0.0005852580070495605,99.86213235294117,82.53041362530413,0.6005733855385532,0.05876273661851883,0.12038532600683324,0.008490439394817632,0.0554824061691761,0.01,False
200,-5.456878339543062,0.0006275762091798457,0.001068735823911779,99.86213235294117,82.28710462287104,0.5914756138663704,0.05851354822516441,0.12853010962991154,0.013343933134284966,0.054740335792303085,0.01,False
