epoch,train_loss,ce_loss,da_loss,source_acc,target_acc,target_f1,ot_topk_loss,ot_loss,eta_1,align_loss,sigma,entropy_loss,eta_2,ot_match_loss,epoch_warmup
1,0.14374331136544546,0.14374331136544546,0.0,64.59219172787012,0.0,0.31169584360177904,,,,,,,,,True
2,0.07820535947879155,0.07820535947879155,0.0,81.98685736374179,0.0,0.35225335079990083,,,,,,,,,True
3,0.04670339751811255,0.04670339751811255,0.0,88.05566293003479,0.0,0.3507344283373339,,,,,,,,,True
4,0.026818793621801194,0.026818793621801194,0.0,92.34634712021646,0.0,0.3344766102863699,,,,,,,,,True
5,0.0121651700298701,0.0121651700298701,0.0,96.25048318515655,0.0,0.35589051257321974,,,,,,,,,True
6,0.006362026712546746,0.006362026712546746,0.0,98.22187862388867,0.0,0.32088383716287366,,,,,,,,,True
7,0.0036087235701935633,0.0036087235701935633,0.0,99.07228449942018,0.0,0.33190323319813186,,,,,,,,,True
8,0.0018587706921001275,0.0018587706921001275,0.0,99.61345187475841,0.0,0.3215130727235381,,,,,,,,,True
9,0.001105018852589031,0.001105018852589031,0.0,99.92269037495169,0.0,0.32551415647822984,,,,,,,,,True
10,0.001069327040265004,0.001069327040265004,0.0,99.84538074990336,0.0,0.3265209132340939,,,,,,,,,True
11,0.0015399493110765303,0.0015399493110765303,0.0,99.45883262466177,0.0,0.32007358374463507,,,,,,,,,True
12,0.0008823501453402319,0.0008823501453402319,0.0,99.88403556242753,0.0,0.32590540978659066,,,,,,,,,True
13,0.00038391233274957077,0.00038391233274957077,0.0,100.0,0.0,0.31012887662305855,,,,,,,,,True
14,0.0002654346850855897,0.0002654346850855897,0.0,100.0,0.0,0.32012663839614736,,,,,,,,,True
15,0.0002891793677311701,0.0002891793677311701,0.0,99.96134518747584,0.0,0.30901261943845076,,,,,,,,,True
16,0.0006980053014038796,0.0006980053014038796,0.0,99.8067259373792,0.0,0.31504554325545403,,,,,,,,,True
17,0.0004126528164349674,0.0004126528164349674,0.0,100.0,0.0,0.3068186341317282,,,,,,,,,True
18,0.0004828219586800385,0.0004828219586800385,0.0,99.88403556242753,0.0,0.3099396407926172,,,,,,,,,True
19,0.00028121089244017466,0.00028121089244017466,0.0,100.0,0.0,0.3203490828503783,,,,,,,,,True
20,0.001061764213469966,0.001061764213469966,0.0,99.96134518747584,0.0,0.3242491813083041,,,,,,,,,True
21,5.148403350044699,0.1460492269081228,0.02102111017002779,72.84007352941177,79.12408759124088,0.5633496261500888,0.9346951281323153,0.903087384560529,0.10014763474464417,0.27319423766697154,10.0,0.5322648374473348,0.998302698135376,0.0013752789921401179,False
22,1.644265527234358,0.07632282200981588,0.021296262741088867,80.0091911764706,75.08515815085158,0.5589822292319848,0.8185330594287199,0.797612702145296,0.10026063770055771,0.24096731227986953,9.5,0.7658915449591244,0.9966081976890564,0.0012749634436605608,False
23,0.0688703270519481,0.04528770716313053,0.017245555625242347,89.56801470588235,77.42092457420925,0.5596255808124627,0.6460005290368024,0.6405899840242723,0.10034362971782684,0.19294189354952643,9.025,0.8309781516299528,0.9949135780334473,0.000988743915085626,False
24,-1.0196187198162079,0.023641429567599997,0.01576616834191715,93.10661764705883,70.90024330900243,0.572246368231628,0.5748005193822524,0.5750737646046806,0.10039081424474716,0.17293226543594808,8.573749999999999,0.8685830796466154,0.9932206273078918,0.0008475997464676551,False
25,-1.2986183508354074,0.018413839423481154,0.011491246083203484,94.57720588235294,77.0316301703163,0.5827268788102861,0.4782930069109973,0.48713669531485615,0.10041901469230652,0.14603102820761063,8.145062499999998,0.7718329990611357,0.9915273189544678,0.0006644048365106916,False
26,-1.539692289689008,0.013828583664315589,0.008823075715233298,96.23161764705883,83.06569343065694,0.5640351265271016,0.45627112598980174,0.4218321039396174,0.10043831169605255,0.1285429215606521,7.737809374999998,0.6819090632831349,0.9898356199264526,0.0005426777728751083,False
27,-1.9039887926157784,0.006652361959876383,0.007195718148175408,97.79411764705883,81.41119221411192,0.5854203488966706,0.4270252077018513,0.3846742791288039,0.10044355690479279,0.1177516676047269,7.350918906249998,0.6476812713286456,0.9881466627120972,0.0004636731686974492,False
28,-1.8443298883297865,0.007980468080324285,0.007364806006936466,97.51838235294117,82.82238442822384,0.5923355186129284,0.384471628595801,0.36692386164384727,0.1004418134689331,0.11117218829253141,6.983372960937498,0.584218351279988,0.9864625930786133,0.00043528021299554147,False
29,-2.006731331348419,0.004872497705304448,0.006146792103262509,98.80514705882354,81.84914841849148,0.566673143053836,0.35716190758873434,0.33193646283710704,0.10043474286794662,0.10102987640044268,6.634204312890622,0.5358504635446212,0.9847829937934875,0.000375330525190186,False
30,-2.106018269763273,0.00298276253948536,0.00585391591576969,98.94301470588235,80.5352798053528,0.5645071404116714,0.316685511785395,0.31507453497718363,0.10042145848274231,0.0947760869474972,6.3024940972460906,0.506587424698998,0.9831088185310364,0.0003463515655740219,False
31,-2.075013371074901,0.003614084401359672,0.007432604537290686,98.85110294117646,80.7785888077859,0.6054936445896525,0.3100453457411598,0.3238589938949136,0.1004059910774231,0.09664698953137678,5.987369392383787,0.49375902203952565,0.981441080570221,0.00035994678482358507,False
32,-2.1820076493655933,0.0016618513601475999,0.004699791178983801,99.44852941176471,85.98540145985402,0.6031070427349866,0.33514668836313133,0.2762780917041442,0.1003856435418129,0.08597468146506478,5.688000922764597,0.4137072300209719,0.9797772169113159,0.0002956485747263822,False
33,-2.1173654777162216,0.003052377131312182,0.00459666462505565,99.26470588235294,83.64963503649635,0.6183770537725519,0.31109883680063133,0.26216115934007306,0.10036111623048782,0.08122783855480306,5.403600876626367,0.4094280092155232,0.9781187176704407,0.0002652116304756526,False
34,-2.1145943333120907,0.003220823553419905,0.004842744154088637,99.77022058823529,84.8661800486618,0.6163771872490769,0.311194492613568,0.2403395035687615,0.10034330934286118,0.07576723966528387,5.133420832795048,0.35270192868569317,0.9764657020568848,0.0002452775849686826,False
35,-2.233484885271858,0.0008740305291961276,0.004943770520827349,99.77022058823529,85.83941605839416,0.6107292464330273,0.31471167592441335,0.238968130420236,0.10031778365373611,0.07560218563851188,4.876749791155295,0.3291261143544141,0.9748193621635437,0.0002491390931776122,False
36,-2.2390920695136574,0.0008663120787626694,0.0038713567397173714,99.72426470588235,84.18491484184915,0.6175084403794963,0.301652811905917,0.2224256957278532,0.10028713196516037,0.07079888376242974,4.63291230159753,0.3129158686189091,0.9731789827346802,0.00021963975364890168,False
37,-2.2401477939942303,0.000940854948352995,0.003956622937146355,99.72426470588235,86.18004866180048,0.6331328264649246,0.2831987335401423,0.21276164142524495,0.1002548336982727,0.06746095922939918,4.401266686517654,0.2539821232066435,0.9715439081192017,0.0002212234676870353,False
38,-2.2686948355506447,0.00047233840932141687,0.0032250355271732107,99.86213235294117,84.13625304136254,0.6231733440331858,0.27013810943154726,0.1929052612360786,0.1002204418182373,0.06182458427022485,4.181203352191771,0.2513319069848341,0.9699150919914246,0.000182727218249484,False
39,-2.26238977207857,0.0006552848943048209,0.0036775820395525765,99.95404411764706,87.20194647201946,0.6391391971043096,0.2577793273855658,0.19129266633706934,0.10018425434827805,0.06080523987903314,3.972143184582182,0.2246794078279944,0.9682925939559937,0.0001862131620702498,False
40,-2.2813619445351994,0.0003331060053075335,0.0036712078487171848,99.86213235294117,86.32603406326034,0.6208008897991542,0.28915710308972525,0.1791149491772932,0.10014740377664566,0.059324840850689835,3.7735360253530725,0.21657452513189876,0.9666772484779358,0.00017649609927663251,False
41,-2.28097708085004,0.00039688027562292786,0.004002599155201632,99.90808823529412,85.45012165450122,0.6396313377282463,0.24146582799799302,0.18061673728858724,0.10010851174592972,0.0573150127687875,3.584859224085419,0.2194269299507141,0.9650696516036987,0.00017507480686831782,False
42,-2.2244086265563965,0.0015613579158151184,0.004410207271575928,99.81617647058823,86.71532846715328,0.6430428964030204,0.23124291528673732,0.18604943682165706,0.10006909817457199,0.05816702325554455,3.405616262881148,0.2101034574648913,0.9634701609611511,0.00018503605764742722,False
43,-2.2914645671844482,0.00030211931195534654,0.0038399240549872905,99.86213235294117,85.83941605839416,0.6295634207476156,0.20958390568985658,0.17474107707248016,0.10003214329481125,0.05424646025194841,3.2353354497370903,0.2148829856339623,0.9618775248527527,0.00016399116815163698,False
44,-2.2499193584217743,0.0012104058165973315,0.0036141276359558105,99.90808823529412,86.56934306569343,0.6126877116074825,0.23513751345522263,0.16056478987721837,0.09999112784862518,0.05197171910720713,3.0735686772502357,0.1855570682707955,0.9602914452552795,0.00014729252956492608,False
45,-2.2730932305840885,0.0007454623592714008,0.004761331221636604,99.86213235294117,87.00729927007299,0.6163379946002568,0.27047940738060894,0.16682541633353515,0.0999516099691391,0.055320298408760744,2.919890243387724,0.17501803969635682,0.9587134122848511,0.00017994711978484273,False
46,-2.227574860348421,0.0017323066896257362,0.0039646450211020074,99.86213235294117,85.20681265206812,0.6225301634032794,0.2179627208148732,0.1612534198690863,0.09991055727005005,0.05128816821995903,2.773895731218338,0.20247753841035507,0.9571435451507568,0.00015335295628413886,False
47,-2.2969191424986897,0.0003467859899648615,0.00575029499390546,99.90808823529412,85.49878345498783,0.6272602359937077,0.23300123828298905,0.17010601478464463,0.09987131506204605,0.054265897501917446,2.6352009446574205,0.1823045436073752,0.9555816054344177,0.00017866337207926656,False
48,-2.2661211560754215,0.001063800179027192,0.004850156166974236,99.63235294117646,83.64963503649635,0.6199789506778403,0.19318700187346516,0.1541469842195511,0.0998283177614212,0.04826813782839214,2.5034408974245492,0.19996061482850244,0.954029381275177,0.00014408365934607848,False
49,-2.3064723014831543,0.00023745908971678172,0.006742859587949865,99.86213235294117,84.18491484184915,0.6390272713319965,0.23875264560475068,0.16595951511579402,0.09978395700454712,0.053516713135382706,2.3782688525533215,0.1733723909539335,0.9524845480918884,0.000178403128623305,False
50,-2.3120980262756348,0.0002501539860103923,0.004840409054475672,99.95404411764706,85.45012165450122,0.6241511359331894,0.21817457807414672,0.1452853517497287,0.09973645955324173,0.04729967213728849,2.2593554099256554,0.17086618262178757,0.9509481191635132,0.0001392096233115915,False
51,-2.2699399555430695,0.001136041680564738,0.00537719446070054,99.63235294117646,84.96350364963503,0.5931223010584811,0.1655426866867963,0.15022596147130518,0.09969062358140945,0.04590588895713582,2.146387639429373,0.17447866937693426,0.9494194984436035,0.00014452954458059087,False
52,-2.301826168509091,0.000514101741828199,0.005926195312948788,99.86213235294117,83.74695863746959,0.6138450961798515,0.2205050263334723,0.14842822402715683,0.09964445978403091,0.048207108588779676,2.0390682574579038,0.17279387309270747,0.9478994607925415,0.00014960055362761896,False
53,-2.296699741307427,0.000708666506665502,0.005254994420444264,99.81617647058823,85.06082725060827,0.6203402403535431,0.19288444869658528,0.13644775879733703,0.09959579259157181,0.043820610160336775,1.9371148445850086,0.168900249635472,0.9463868737220764,0.00012889431330704074,False
54,-2.3099977409138397,0.0005063541660574093,0.004937540082370534,99.81617647058823,84.47688564476886,0.6236610783971033,0.18309835826649384,0.13029204484294443,0.09954724460840225,0.04178882565568475,1.8402591023557582,0.17570310918723836,0.9448832273483276,0.00012179385735447901,False
55,-2.328433667912203,0.0001690623558474994,0.006184893495896284,99.95404411764706,85.30413625304136,0.6315525926137228,0.16792413285549948,0.13644450157880783,0.09949728846549988,0.042571740991929,1.7482461472379702,0.15338710564024308,0.9433894157409668,0.00012881596921943128,False
56,-2.3211910163655,0.0003973388459144189,0.004844809279722326,99.81617647058823,86.08272506082724,0.6208580423754965,0.16184826063759186,0.12693855122608297,0.09944585710763931,0.03988561932654942,1.6608338398760716,0.147137607283452,0.9419049024581909,0.00011713635981055525,False
57,-2.3134686315760895,0.0005969730992439829,0.0047479482258067415,99.90808823529412,85.1094890510949,0.63142305465839,0.18267880818423102,0.12087315846891965,0.09939360618591309,0.03940692094757276,1.5777921478822678,0.14573225773432674,0.940427839756012,0.0001093811442842707,False
58,-2.285239857785842,0.0011501042171443367,0.006321598501766429,99.81617647058823,84.62287104622871,0.6258053663497245,0.16496669018969817,0.13323377686388352,0.09934248775243759,0.041618742925279284,1.4989025404881544,0.15844542445505366,0.9389604926109314,0.0001239272383185487,False
59,-2.330199550179874,0.0003359651895928383,0.00601728172863231,99.77022058823529,83.84428223844282,0.6227231372701841,0.1440201024798786,0.1238570568316123,0.09929344803094864,0.03822090630145634,1.4239574134637467,0.16788916552768035,0.9375035166740417,0.0001112754171652555,False
60,-2.3354090101578655,0.00027400440990277275,0.005898538757773007,99.86213235294117,83.60097323600974,0.621086065284048,0.1670452150351861,0.12282884734518387,0.09923996031284332,0.0391142065910732,1.3527595427905592,0.1475681500399814,0.9360553622245789,0.00010946852939121206,False
61,-2.3062311130411484,0.0009082567778210325,0.006126323167015524,99.90808823529412,84.5742092457421,0.618523362208455,0.15765138496370876,0.11764035417753108,0.09918579459190369,0.03734683869954418,1.285121565651031,0.13551978766918182,0.9346168041229248,0.0001083614633363836,False
62,-2.322871348437141,0.0006342837116469181,0.0058246395167182476,99.81617647058823,84.62287104622871,0.6093512380402134,0.15528934098341884,0.11476036818588481,0.09913383424282074,0.036507141721599246,1.2208654873684797,0.13044358658439972,0.93318772315979,0.0001051654142108472,False
63,-2.3078974275028004,0.0009615425056929726,0.006064590285806095,99.86213235294117,83.30900243309003,0.6261575603291604,0.16571814610677607,0.1139827475828283,0.09908059239387512,0.03683368412449079,1.1598222130000555,0.131333725855631,0.9317682981491089,0.00010417994952363456,False
64,-2.31149429433486,0.0009096217182586235,0.007452579105601591,99.81617647058823,83.06569343065694,0.6111393668686893,0.13635425138122895,0.11736222312730901,0.0990288257598877,0.03621088220354389,1.1018311023500529,0.15879265525761774,0.9303596019744873,0.0001052276959800271,False
65,-2.3376636505126953,0.0004538051012011291,0.007717542788561653,99.86213235294117,82.9683698296837,0.6069220612339009,0.13811718716340907,0.11078678115325816,0.09897580742835999,0.03465034725034938,1.04673954723255,0.1434650561388801,0.928963840007782,9.558485223404954e-05,False
66,-2.338748840724721,0.0004608563139808051,0.0072904614841236785,99.90808823529412,84.28223844282239,0.6122373332347594,0.14039310418507633,0.1190630622646388,0.0989200621843338,0.036841041682397616,0.9944025698709225,0.12919932560009115,0.927575409412384,0.00011124255508869229,False
67,-2.3500626367681168,0.0002452381277581641,0.009417267406688017,99.90808823529412,84.62287104622871,0.6090350936344208,0.135623899891096,0.12476524885962992,0.09886399656534195,0.03803493553663001,0.9446824413773763,0.12420242104460211,0.9261996746063232,0.00012485529056421537,False
68,-2.3651098924524643,5.736333643239157e-05,0.00704539698712966,100.0,84.72019464720195,0.628557460353712,0.12235632494968526,0.11167968458989087,0.09880582243204117,0.034088496337918675,0.8974483193085075,0.12202803439953748,0.9248332977294922,0.00010151807766626863,False
69,-2.3563677423140583,0.0001738156523074127,0.010635144570294549,99.86213235294117,85.45012165450122,0.625453271087433,0.18742927602108786,0.12369148038765963,0.09874637424945831,0.04036541535135578,0.852575903343082,0.10110856472131084,0.9234774112701416,0.00014216311854611645,False
70,-2.3599078094258026,0.00020990484731154378,0.00802582677672891,99.90808823529412,84.91484184914842,0.6205094867116044,0.16875274786177805,0.11149541507748996,0.09868669509887695,0.03636656482430065,0.809947108175928,0.10987375457497205,0.9221345782279968,0.00011014736553667771,False
71,-2.3282253111110016,0.0009070527590157487,0.006955004790249993,99.81617647058823,83.40632603406326,0.6176278415409681,0.13816607655847774,0.10326640088768567,0.09862758219242096,0.03277077975080294,0.7694497527671316,0.12539749811677373,0.9207987189292908,9.175099309205132e-05,False
72,-2.3062058757333195,0.0013718758653085922,0.007910316481309779,99.90808823529412,84.28223844282239,0.6340540119946656,0.11943990298930336,0.10557484845904742,0.09857172518968582,0.03241641666082775,0.7309772651287749,0.10907343249110614,0.9194728136062622,0.00010141816892428324,False
73,-2.1654031837687775,0.00412806612796564,0.008209261824102962,99.81617647058823,84.18491484184915,0.6216443279894994,0.13168865091660442,0.10693939556093777,0.09852048009634018,0.03337086474194246,0.6944284018723361,0.11238376620937796,0.9181584119796753,0.00010316668639836066,False
74,-2.374692902845495,0.00011740234056640689,0.0077553023310268625,100.0,83.84428223844282,0.6265306775023106,0.1346086298718172,0.10069359400693108,0.09848088771104813,0.031950230436290014,0.6597069817787193,0.11871837736929164,0.9168553352355957,9.280098781934666e-05,False
75,-2.3506147651111378,0.0005985428444867413,0.009404280606438132,99.77022058823529,83.30900243309003,0.6231466569603067,0.1107493231401724,0.1056633035049719,0.09842408448457718,0.032002840958097405,0.6267216326897833,0.12604357346015818,0.9155636429786682,9.9097984168432e-05,False
76,-2.3141009947832893,0.0013352751577111336,0.01070200520403245,99.72426470588235,82.87104622871047,0.630462032888825,0.11727462621296153,0.10296790827723111,0.09836780279874802,0.03165189790375093,0.5953855510552941,0.11545047251617208,0.9142863154411316,9.237837708924952e-05,False
77,-2.292779522783616,0.0017476180452149492,0.012176958953633028,99.86213235294117,85.79075425790754,0.6421617265520191,0.12145615982658722,0.110423442633713,0.09831718355417252,0.0337335776318522,0.5656162735025293,0.11209823804743149,0.9130192995071411,0.00010981760415769018,False
78,-2.3703275989083683,0.00028064107808698765,0.011576287886675666,99.90808823529412,87.44525547445255,0.6475764807706286,0.11964165287859299,0.11564900200156604,0.09826208651065826,0.03495381958782673,0.5373354598274028,0.10846324308830149,0.9117655754089355,0.00011897272034890622,False
79,-2.3565625373054955,0.0006102404360236131,0.010146004312178668,99.81617647058823,85.69343065693431,0.6165932895297792,0.13541858774774215,0.10782262726741679,0.09820262342691422,0.03378142493174357,0.5104686868360326,0.1108019851586398,0.9105207324028015,0.00010967703693655923,False
80,-2.346459984779358,0.000808428342853564,0.011835883645450367,99.90808823529412,85.15815085158151,0.6394071112768757,0.15902737659566543,0.10928231433910482,0.09814382344484329,0.03533291871495107,0.48494525249423104,0.10697135723689023,0.9092867970466614,0.00012194251009050811,False
81,-2.352384700494654,0.0007731496268995804,0.01094016432762146,99.86213235294117,84.42822384428224,0.6184722579217974,0.14344931130900102,0.09944868000114665,0.09808716922998428,0.03208550372544457,0.4606979898695195,0.10461591192356803,0.9080653190612793,0.00010173552757752237,False
82,-2.371838660801158,0.0003886448010448743,0.013061316574321073,99.95404411764706,84.67153284671532,0.6347434684984478,0.15604369254673228,0.10603527768569834,0.09802865236997604,0.034370818120591784,0.43766309037604345,0.10319319553673267,0.9068559408187866,0.0001196258635900449,False
83,-2.378616543377147,0.0003795228844463803,0.00951725069214316,99.90808823529412,84.62287104622871,0.6258379143569377,0.12242412567138672,0.09434746424941455,0.09796855598688126,0.02975319939501145,0.41577993585724127,0.10579774791703504,0.9056572914123535,9.025418458965279e-05,False
84,-2.38109193128698,0.00033035841174216114,0.011055145193548763,99.86213235294117,83.16301703163018,0.6221233940727373,0.13959497081882813,0.09723459929227829,0.09790836274623871,0.0313319903524483,0.39499093906437915,0.11859566192416583,0.9044689536094666,8.718409063636928e-05,False
85,-2.213224831749411,0.0035758651960724605,0.012497326906989603,99.86213235294117,83.64963503649635,0.6220996237954602,0.1038490128429497,0.1001285936902551,0.09784987568855286,0.03027306924409726,0.3752413921111602,0.11449362951166489,0.9032933115959167,9.694046478697975e-05,False
86,-2.3708507664063396,0.0006339198018716107,0.010557639248230877,99.95404411764706,85.54744525547446,0.6348491486389268,0.12046786923618878,0.09013104351127849,0.09780770540237427,0.028600191697478294,0.3564793225056022,0.10324024672017378,0.9021285772323608,8.807488612707376e-05,False
87,-2.2173537769738365,0.0035605180321922223,0.011310416109421673,99.86213235294117,84.5742092457421,0.5930509362574453,0.14114939465242274,0.09936581727336435,0.09776182472705841,0.03194938216577558,0.33865535638032207,0.10415474413072362,0.9009751677513123,0.00010091630225788857,False
88,-2.389234051984899,0.00034203935139403793,0.010836259407155654,99.86213235294117,84.72019464720195,0.6323462688610113,0.1301780904040617,0.09037074841120664,0.09771247208118439,0.029146945870974484,0.3217225885613059,0.09628608516033958,0.8998335599899292,9.070842668948257e-05,False
89,-2.205751755658318,0.0038948601451756853,0.010895831619991976,99.90808823529412,84.96350364963503,0.6200007816987222,0.10885436109760228,0.08687679294277639,0.0976591631770134,0.027203273904674193,0.3056364591332406,0.09395896468092413,0.8987032771110535,8.271569330484935e-05,False
90,-2.4047396603752587,0.0001254193418109186,0.010608879082343158,99.90808823529412,84.330900243309,0.6154324877840881,0.1384624150746009,0.08528426421039245,0.09761358052492142,0.02828796032597037,0.2903546361765786,0.0907489661784733,0.8975837230682373,8.754663341439001e-05,False
91,-2.402627369936775,0.00017417718236642672,0.01130446616341086,99.95404411764706,84.5742092457421,0.620512553120941,0.14091800766832688,0.09219651932225507,0.0975552350282669,0.03014537297627505,0.27583690436774966,0.08870744223103803,0.8964762091636658,0.0001006856000458356,False
92,-2.407202538322,9.291629895441849e-05,0.013449952006340027,99.95404411764706,84.5742092457421,0.6205657722683812,0.11412961956332712,0.09644804938751109,0.09749405831098557,0.02987031967324369,0.26204505914936216,0.10417980700731277,0.8953829407691956,0.0001036529457076754,False
93,-2.4010539335363053,0.000261470607184452,0.013335142503766453,99.95404411764706,83.99026763990268,0.6310835104148165,0.10838057385647998,0.09192848862970576,0.09743332117795944,0.028446123003959656,0.24894280619189402,0.09793950354351717,0.8943032026290894,8.994326173492214e-05,False
94,-2.411121087915757,0.00015477386865407372,0.011652262771830839,99.90808823529412,84.37956204379562,0.6292733603969566,0.09143997597343781,0.08310175336459104,0.09737280011177063,0.02538997504641028,0.23649566588229934,0.09421296242405386,0.8932348489761353,8.50753475627725e-05,False
95,-2.4142364894642547,0.00013495799352955038,0.011071902864119586,99.95404411764706,84.13625304136254,0.6247773116718872,0.11058500715914894,0.08062143010251663,0.09731162339448929,0.02572331774760695,0.22467088258818435,0.08985443763873156,0.8921768665313721,7.742066522683565e-05,False
96,-2.410830189200009,0.00020022532130363236,0.011962637305259705,99.95404411764706,84.13625304136254,0.6234190228131916,0.12592666092164376,0.0864950549953124,0.09725085645914078,0.027967102496939546,0.2134373384587751,0.09262015407576281,0.8911304473876953,9.401141420205343e-05,False
97,-2.4102300335379208,0.00019692123990634012,0.013589695972554824,99.90808823529412,84.18491484184915,0.622318262192188,0.1566349590087638,0.0939494524808491,0.09719084948301315,0.03137603818493731,0.20276547153583635,0.08280590581981574,0.8900966048240662,0.00011385449162095457,False
98,-2.417768113753375,0.00015203980950004466,0.012414014953024247,99.95404411764706,83.74695863746959,0.6366622996519407,0.0844192454481826,0.08466793596744537,0.09712999314069748,0.02542784930590321,0.1926271979590445,0.0976375974714756,0.8890766501426697,7.980633766719085e-05,False
99,-2.324593515957103,0.0019464663775031167,0.012178699759876026,99.86213235294117,84.62287104622871,0.6317600276678387,0.09615160524845123,0.0816960549529861,0.0970708429813385,0.025273145012119237,0.1829958380610923,0.09398277585997301,0.8880674242973328,8.310235074639102e-05,False
100,-2.42042436319239,0.00012002898174380468,0.01419972233912524,99.95404411764706,85.35279805352798,0.6270857518679397,0.1442742542747189,0.08452502243659075,0.0970199853181839,0.02839088100282585,0.17384604615803767,0.08884227297761861,0.8870716691017151,9.182537221075858e-05,False
101,-2.4292178434484146,1.4326631862652849e-05,0.012368579121196972,100.0,84.62287104622871,0.6250659437273178,0.11032078984905691,0.08996199400109403,0.09696094691753387,0.02805725627524011,0.1651537438501358,0.07979608721592847,0.8860865235328674,0.00010143700595054885,False
102,-2.425993596806246,0.000113839788291577,0.013046137988567352,99.95404411764706,84.0389294403893,0.6250547085296645,0.09569564417881124,0.08640132954015452,0.09690074622631073,0.026432207402061012,0.15689605665762899,0.0802923585562145,0.8851132392883301,9.418569607078098e-05,False
103,-2.4174125054303337,0.0003307474292254857,0.012242394335129681,99.90808823529412,84.18491484184915,0.6372835910593347,0.10079922483247869,0.0795608397354098,0.0968414843082428,0.024970410720390433,0.14905125382474754,0.07773246396990384,0.8841524720191956,8.047890557517188e-05,False
104,-2.2437423432574555,0.003578882963605632,0.013453427483053768,99.90808823529412,84.52554744525547,0.622766991098543,0.11937742570743841,0.08434945498319234,0.09678536653518677,0.027100338764926967,0.14159869113351015,0.0830148289747098,0.8832042813301086,8.82073947971495e-05,False
105,-2.432794486775118,6.591473397279783e-05,0.012314728077720194,99.95404411764706,83.84428223844282,0.6248631142248163,0.1339714472346446,0.08581905702457708,0.09674397855997086,0.028196787242503726,0.13451875657683462,0.0907446785884745,0.8822677135467529,8.690107022309402e-05,False
106,-2.4336272407980526,9.621274487786275e-05,0.011825512437259449,100.0,83.5036496350365,0.625148975245687,0.13668115875300238,0.0811471573131926,0.09668834507465363,0.027163765776683304,0.1277928187479929,0.08728551163392909,0.881342351436615,8.583652422256658e-05,False
107,-2.4385941309087418,4.005972682401026e-05,0.01240575488875894,100.0,84.47688564476886,0.6236513733892464,0.11598792102407007,0.08085383781615425,0.09663072228431702,0.026055482270963052,0.12140317781059325,0.0787642929045593,0.8804293870925903,8.525349938495578e-05,False
108,-2.4296664069680607,0.0002718839269336366,0.011684291064739227,99.95404411764706,83.99026763990268,0.6230207751186252,0.10232872954186271,0.07247012963189799,0.09657296538352966,0.023268333800575313,0.11533301892006356,0.07724416299777873,0.8795285820960999,6.872959270635071e-05,False
109,-2.4460918342365936,1.3963069393947294e-05,0.011041941011653227,100.0,84.330900243309,0.6249929281059963,0.10459211402956177,0.0675154166186557,0.09651640802621841,0.02213941656929605,0.10956636797406039,0.07588127912843928,0.8786397576332092,6.191342254169285e-05,False
110,-2.3857457707909977,0.0011557266824795802,0.012006290695246528,99.95404411764706,83.94160583941606,0.6274213054293944,0.06744724972283139,0.07356281293665662,0.09645993262529373,0.021797378766624367,0.10408804957535737,0.08189989144311231,0.877763032913208,6.862623879843501e-05,False
111,-2.444100351894603,7.518425985608701e-05,0.011954320265966304,99.95404411764706,84.18491484184915,0.6317338163566125,0.11711620210724719,0.0747569446616313,0.0964084044098854,0.024580837172620437,0.1,0.07551464832880918,0.8768987059593201,7.158197031993255e-05,False
112,-2.4447576438679413,4.943228217137082e-05,0.012518781949492061,100.0,84.72019464720195,0.6298260149130074,0.1259534409379258,0.0884218152393313,0.09635309129953384,0.028454955995959395,0.1,0.07268857254701502,0.8760471940040588,0.00010365910138181575,False
113,-2.4475131736082187,5.9023844309368704e-05,0.01236191567252664,99.95404411764706,85.1094890510949,0.6260070859923087,0.09220511970274589,0.08073092799852877,0.09629729390144348,0.024839180138181236,0.1,0.08074811342007973,0.8752084970474243,9.238487580339151e-05,False
114,-2.4499903145958397,2.606011664471118e-05,0.011452281738028806,100.0,84.5742092457421,0.6235032215449245,0.14860637376413627,0.0824287825209253,0.09624147415161133,0.028089530437308198,0.1,0.0699386022546712,0.8743813633918762,0.0001040323312575792,False
115,-2.190048834856819,0.004906086045058842,0.011039122062570909,99.77022058823529,84.5742092457421,0.6257417923748935,0.11454576100496684,0.0729580175350694,0.096188984811306,0.02400544926743297,0.1,0.07189602711621453,0.8735659122467041,7.731312935528181e-05,False
116,-2.4568921818452725,2.219567664784496e-05,0.01125828834141002,100.0,84.08759124087591,0.6295626931030206,0.07779231974307228,0.06562925415004,0.09615706652402878,0.020329464774797943,0.1,0.07630554367514218,0.8727624416351318,6.507032701526495e-05,False
117,-2.433713842840756,0.00044555158191381935,0.011729358750231126,99.77022058823529,83.69829683698296,0.6282912735150404,0.0940970629453659,0.07233190536499023,0.09610733389854431,0.022826824556378758,0.1,0.07887097009841133,0.8719714283943176,7.799027020262335e-05,False
118,-2.4486680030822754,0.00019740167316312555,0.011824378634200376,99.95404411764706,84.18491484184915,0.6273564564392581,0.06857035703518811,0.07752988093039569,0.09605670720338821,0.02285386747954523,0.1,0.06887035948388717,0.8711925745010376,8.575917640615337e-05,False
119,-2.4547136250664208,0.00011456161344286182,0.012414387482054094,100.0,84.81751824817518,0.6292422191015702,0.10875593564089607,0.06645552507218193,0.09600526094436646,0.0220840367324212,0.1,0.06079428642988205,0.8704260587692261,6.471751304856939e-05,False
120,-2.440355230780209,0.00037352319093282164,0.012734644553240608,99.95404411764706,84.91484184914842,0.6291369240205528,0.11614131927490234,0.07623675662805052,0.0959537997841835,0.024909944876151925,0.1,0.0638741342460408,0.869672417640686,8.737902745077222e-05,False
121,-2.4478430888232063,0.00027873578122406635,0.012181678239037009,99.90808823529412,84.37956204379562,0.6250127092593093,0.11050575116977972,0.07089650433729677,0.09590395539999008,0.02328779734671116,0.1,0.07357303009313695,0.8689305782318115,7.676704134449691e-05,False
122,-2.46372353329378,1.7217049877913002e-05,0.01211154373253093,100.0,83.55231143552311,0.6284461702068717,0.08123173674239832,0.07336944254005656,0.09585410356521606,0.02244161398095243,0.1,0.08139929723213701,0.8682006001472473,7.533319790929775e-05,False
123,-2.4658375908346737,1.754006101230195e-05,0.011860031853703892,100.0,83.64963503649635,0.6226715427423232,0.07508068663232467,0.07008875533938408,0.0958036556839943,0.02131150317761828,0.1,0.07864843769108548,0.8674823641777039,7.056030752959058e-05,False
124,-2.4666920830221737,1.0286860425962378e-05,0.012291221495936899,100.0,83.94160583941606,0.626501393260626,0.09170058961300288,0.07334829932626556,0.09575360268354416,0.02296625992611927,0.1,0.06659481082769002,0.8667761087417603,8.831126358606579e-05,False
125,-2.469026060665355,2.816683788483608e-05,0.011258178335778853,100.0,83.99026763990268,0.6276656900214822,0.09752806758179385,0.06119031897362541,0.09570402652025223,0.020204350407070974,0.1,0.07029163399163414,0.866081714630127,6.0734725326149015e-05,False
126,-2.461339642019833,0.00020997072371809576,0.011020368074669558,99.95404411764706,83.94160583941606,0.6285031478742052,0.08600657433271408,0.058480197673334795,0.09565521031618118,0.01894661208943409,0.1,0.06212624272002893,0.8653989434242249,5.246784327455851e-05,False
127,-2.468059413573321,5.637615402984947e-05,0.012075685841195723,99.95404411764706,83.89294403892944,0.6266894883881298,0.12076870658818413,0.0696018756750752,0.0956076979637146,0.0234812052701326,0.1,0.06066596442285706,0.8647279143333435,8.460241074584807e-05,False
128,-2.471593604368322,3.599483824162315e-05,0.011332347112543443,100.0,83.94160583941606,0.6280965482908815,0.09354278291849528,0.06828896460287712,0.095560222864151,0.02178409547709367,0.1,0.0696357841439107,0.8640692234039307,6.942994792445782e-05,False
129,-2.472494532080258,3.2152101372626954e-05,0.011720708626158097,100.0,83.64963503649635,0.6271083756161987,0.11092522718450602,0.06848022210247376,0.09551277756690979,0.022702728781630013,0.1,0.06111100622836281,0.8634216785430908,7.282366834046757e-05,False
130,-2.4766239278456745,2.5308940934946002e-05,0.01112542871166678,100.0,83.69829683698296,0.6293308266336917,0.06756213022505536,0.05904874380897073,0.09546595066785812,0.01816785560153863,0.1,0.06795543936245582,0.8627858757972717,5.512635577949421e-05,False
131,-2.476446923087625,1.2013965514136222e-05,0.011283898616538328,100.0,84.28223844282239,0.6316879614247969,0.11519589910612386,0.0661971678628641,0.09541966021060944,0.022343748084762517,0.1,0.06389486088472254,0.8621614575386047,6.932171495196492e-05,False
132,-2.478777661043055,2.794032938294656e-06,0.011767678839318892,100.0,83.99026763990268,0.6302604399889137,0.0804715178468648,0.06550638574887724,0.09537398815155029,0.020434547380051193,0.1,0.06358498597846311,0.8615488409996033,6.87496145367143e-05,False
133,-2.480317662743961,2.0726919357832015e-05,0.011117451769464156,100.0,83.84428223844282,0.6296654359766224,0.06924805242349119,0.06033255313249195,0.09532884508371353,0.018576064859243,0.1,0.06411793543135419,0.8609474301338196,6.104782989817014e-05,False
134,-2.4736238086924835,0.00015844854115426902,0.011521779000759125,99.95404411764706,83.74695863746959,0.6308133481958845,0.06049132434760823,0.061087874805226046,0.09528452903032303,0.0183263663750361,0.1,0.06973765198798741,0.8603577017784119,5.966273452299099e-05,False
135,-2.4826893105226406,1.8338732454695031e-06,0.011660468052415288,100.0,83.89294403892944,0.6313355978961801,0.07568168837357969,0.06376427916042945,0.09524130821228027,0.019759516176931998,0.1,0.06350010107545291,0.8597797155380249,6.87241273921887e-05,False
136,-2.4832528759451473,3.7551263774810865e-06,0.011505916276398827,100.0,84.23357664233576,0.6310787639385077,0.07191260969814132,0.06931103283868116,0.09519825130701065,0.020957386395072237,0.1,0.060762295389876646,0.8592129945755005,6.799417197351645e-05,False
137,-2.469622626024134,0.00028497270577244145,0.011648093952852137,99.90808823529412,84.62287104622871,0.6332311007054838,0.08567351168569397,0.060942834133611005,0.09515594691038132,0.019552627633161405,0.1,0.050799927208572626,0.8586578369140625,6.648676892783602e-05,False
138,-2.4780122532564053,0.00015224688658409992,0.011898184085593504,100.0,84.23357664233576,0.6300513144037935,0.07996795775697511,0.0595720747814459,0.09511525928974152,0.018924590693238902,0.1,0.057852311169399935,0.8581140041351318,6.634815637131825e-05,False
139,-2.4872256447287167,3.344313063865577e-06,0.011731651775977191,100.0,84.0389294403893,0.6256276976777134,0.09856725517002975,0.05795004678999677,0.09507482498884201,0.01944658308125594,0.1,0.053435350658700746,0.857581377029419,6.141757116625634e-05,False
140,-2.4865662630866554,3.3177525730653704e-05,0.011401127366458668,100.0,83.94160583941606,0.6272953884221116,0.07183504805845373,0.06508684618508115,0.09503450989723206,0.01989653750377543,0.1,0.05535143876776976,0.8570600748062134,6.614704398089088e-05,False
141,-2.4830866561216465,9.834923307624543e-05,0.011865427388864406,99.95404411764706,83.55231143552311,0.6283106963212611,0.09762154168942395,0.06415367542820818,0.0949949324131012,0.02096084039658308,0.1,0.056984087424900604,0.8565495610237122,8.268902841818464e-05,False
142,-2.4905980895547306,5.4517997967576885e-06,0.010566207854186787,100.0,83.94160583941606,0.6302450613481355,0.0884945036514717,0.06304529791369158,0.09495623409748077,0.02021654218654422,0.1,0.051270632511552644,0.8560499548912048,6.098438258478007e-05,False
143,-2.4905323841992546,1.424197943975133e-05,0.010854171041180105,100.0,83.84428223844282,0.633412953851577,0.10033649359555806,0.06267865243203499,0.0949179157614708,0.020719784257166526,0.1,0.056521905038286656,0.8555605411529541,6.659272409759818e-05,False
144,-2.4897923329297234,6.446024952859207e-05,0.011048731120193707,100.0,84.23357664233576,0.6334546094149133,0.0927897209630293,0.05532352122313836,0.09488029032945633,0.01849775859976516,0.1,0.050854345454889184,0.8550820350646973,5.478460651134168e-05,False
145,-2.493821017882403,3.800182398512842e-06,0.011229096090092379,100.0,84.23357664233576,0.6355689076277312,0.08128416647805888,0.058891362127135784,0.09484315663576126,0.018816038473125768,0.1,0.05068310459747034,0.8546141386032104,5.797921125229229e-05,False
146,-2.4925377929911896,1.4597783994302664e-05,0.01220021046259824,100.0,84.13625304136254,0.6357122690839935,0.07365311287781771,0.0653343371608678,0.09480664134025574,0.020052602843326682,0.1,0.06672552293714355,0.8541573882102966,7.272588439210427e-05,False
147,-2.49507298189051,1.4457104042013965e-06,0.01119713397587047,100.0,84.13625304136254,0.6369672143865692,0.05816756977754481,0.06732688033405472,0.09477077424526215,0.019778483382919255,0.1,0.0628664287574151,0.8537114262580872,7.676934589707183e-05,False
148,-2.490731575909783,0.0001119280376463106,0.011469388271079343,99.95404411764706,84.18491484184915,0.6359467672057045,0.07762305241297274,0.056408955551245636,0.0947355329990387,0.018011823899167424,0.1,0.051238306524122465,0.8532756567001343,5.686461886130821e-05,False
149,-2.4958369591656853,9.536932644911812e-06,0.011586381232037264,100.0,84.18491484184915,0.6364246166348826,0.08346518644076936,0.06528522885021042,0.0947013646364212,0.02052985120783834,0.1,0.057336359558736574,0.8528504371643066,7.056929451423725e-05,False
150,-2.4976931039024803,3.160840456092394e-06,0.011402269496637233,100.0,84.37956204379562,0.6358376868635686,0.09231596768778913,0.06026185413493829,0.09466762095689774,0.019715414766003105,0.1,0.05120952909483629,0.8524354696273804,6.830567283887991e-05,False
151,-2.4927869965048397,7.329722922206121e-05,0.01294767330674564,99.95404411764706,84.5742092457421,0.6357696411637778,0.05164292914902463,0.07448569685220718,0.09463465213775635,0.021244187565410837,0.1,0.050616405685158336,0.8520307540893555,8.123376595476122e-05,False
152,-2.4999927632948933,9.76419350706692e-06,0.010831374455900752,100.0,84.47688564476886,0.640912295130589,0.07279683342751335,0.05916735332678346,0.09460252523422241,0.01846252239364035,0.1,0.05035286791184369,0.8516368865966797,6.168450058526908e-05,False
153,-2.499697306576897,5.6655514939888344e-06,0.011550955912646125,100.0,84.47688564476886,0.6382533695372714,0.05640641172580859,0.06720414779642049,0.09457061439752579,0.01966095655499136,0.1,0.061242532752016014,0.8512523770332336,7.919750083494685e-05,False
154,-2.502238189472872,2.8755650937530592e-06,0.01056727723163717,100.0,84.37956204379562,0.6374242268510043,0.09194803993929834,0.054631373899824476,0.09453928470611572,0.018281181233332437,0.1,0.049115463926949925,0.8508779406547546,5.187079574063639e-05,False
155,-2.503047424204209,2.689008131665439e-06,0.010704149656436023,100.0,84.42822384428224,0.6395584264727643,0.09081023537060794,0.05395018353181727,0.09450863301753998,0.018058143227415925,0.1,0.04786897823214531,0.8505130410194397,6.0171520197079243e-05,False
156,-2.502701058107264,1.1580456912989067e-05,0.011107592459987192,100.0,84.37956204379562,0.6405011474092516,0.06578733892563511,0.05945313678068273,0.09447876363992691,0.01818600412019912,0.1,0.06001900596653714,0.8501579761505127,6.67055785871686e-05,False
157,-2.502669292337754,2.1868665163287244e-05,0.010814340675578397,100.0,84.28223844282239,0.6372899408607493,0.06378665654098287,0.06279129754094516,0.09444966167211533,0.01892009032342364,0.1,0.0604590460219804,0.8498130440711975,6.586581559317624e-05,False
158,-2.506004403619205,8.044058399250657e-06,0.01073091389501796,100.0,84.18491484184915,0.6359805108079777,0.04984157138011035,0.05370815821430262,0.09442133456468582,0.015948363634593347,0.1,0.04455829020041753,0.8494773507118225,5.8491313907057594e-05,False
159,-2.5045601339901196,1.2051361475287462e-06,0.011354321504340452,100.0,84.18491484184915,0.633445864234201,0.07881735177601085,0.06308581964934573,0.09439373761415482,0.019750589121352222,0.1,0.053292721729068196,0.8491512537002563,7.653390971159645e-05,False
160,-2.506575724657844,4.633500585568714e-06,0.010722526732613058,100.0,84.0389294403893,0.6314948351192048,0.08264897445983746,0.05452190229997916,0.09436666965484619,0.017794425927979106,0.1,0.04682425716344048,0.8488346338272095,6.300335756831748e-05,False
161,-2.504641056060791,4.782159705866086e-05,0.011069928460261402,99.95404411764706,83.74695863746959,0.6348072693268229,0.06322636356686845,0.0565508972196018,0.09434030950069427,0.01733090542256832,0.1,0.054084527799311805,0.8485273122787476,6.372543151990292e-05,False
162,-2.5008465682759002,0.0001291018458234937,0.010713330086539774,99.95404411764706,83.89294403892944,0.633227807365445,0.08813117828000994,0.054088661337600034,0.09431484341621399,0.017960522378630498,0.1,0.043277320999871284,0.8482288122177124,6.35954301662209e-05,False
163,-2.5084336224724266,6.982048725113961e-06,0.0105423563543488,100.0,83.84428223844282,0.6290948499924367,0.06763985522967927,0.05640800384914174,0.09429022669792175,0.017512626945972443,0.1,0.05461873990647933,0.8479391932487488,5.726624166366973e-05,False
164,-2.5092361955081715,3.58640322166834e-06,0.010276273769490859,100.0,83.74695863746959,0.6342541612802549,0.09337660834631499,0.05440378254827331,0.09426616132259369,0.018299101632745826,0.1,0.04315934801364646,0.8476584553718567,5.8651514657814166e-05,False
165,-2.4797998246024635,0.0005453108421194737,0.010559335350990295,99.95404411764706,84.0389294403893,0.6340101965442565,0.06156087666749954,0.05567783314515563,0.09424282610416412,0.017028039156952324,0.1,0.04080235363696428,0.8473861813545227,6.107360519201714e-05,False
166,-2.5097665506250717,7.491705840787772e-06,0.010269215001779445,100.0,83.74695863746959,0.628751434013498,0.09747647822779767,0.056869263596394486,0.0942211002111435,0.019122315077658963,0.1,0.041462514741236675,0.8471226096153259,6.235087643932168e-05,False
167,-2.510057168848374,1.4430178701520818e-05,0.010989205363918753,100.0,83.84428223844282,0.6289955743765437,0.07427177556297358,0.05542542237569304,0.09419913589954376,0.017602521159193096,0.1,0.04702304709045326,0.8468677997589111,6.51533028918921e-05,False
168,-2.507501419852762,5.96660294810229e-05,0.010846425505245434,99.95404411764706,83.99026763990268,0.6282847519080145,0.08260955223265816,0.059222050887696887,0.09417776018381119,0.018972655374775913,0.1,0.044136919300345814,0.8466215133666992,7.333066990694908e-05,False
169,-2.5058103308958164,0.00010859108900743642,0.011071973425500533,99.95404411764706,83.7956204379562,0.6291097731103562,0.05369164290673593,0.057219390921732956,0.09415717422962189,0.01702283339246231,0.1,0.05679684756871532,0.846383273601532,6.680610685554497e-05,False
170,-2.5121041886946736,6.407941049413988e-07,0.010611497304018806,100.0,84.0389294403893,0.6284000625796834,0.09373288338675219,0.05559629245715983,0.09413725882768631,0.018618872279629987,0.1,0.04704990829615032,0.8461533188819885,6.630924936496954e-05,False
171,-2.512029956368839,4.590613775230381e-06,0.011241731836515315,100.0,83.69829683698296,0.627588718603589,0.05484934063518748,0.06217389992054771,0.09411780536174774,0.01832025426932994,0.1,0.048710923313218,0.8459312915802002,6.862382029152393e-05,False
172,-2.499737360898186,0.00020081277352446136,0.011057527626261991,99.95404411764706,84.0389294403893,0.6272302942109796,0.1113695834270295,0.06582727414720199,0.09409915655851364,0.022064892191659,0.1,0.045003813088816756,0.8457173705101013,7.918920966724673e-05,False
173,-2.506115576800178,0.00014032475843977718,0.010755760704769808,99.95404411764706,84.28223844282239,0.6322715205639198,0.0748531341771869,0.054879124769393134,0.09408099204301834,0.017495328012634728,0.1,0.04351859386352932,0.8455109596252441,6.578059412063071e-05,False
174,-2.5133230265449074,6.666799009317802e-07,0.011767859844600452,100.0,84.13625304136254,0.6325190395424025,0.04342851820675766,0.06285379169618382,0.09406333416700363,0.01791721029097543,0.1,0.05297538145061802,0.8453117609024048,6.467313612708548e-05,False
175,-2.5138821882360123,6.502688529341118e-07,0.01110471083837397,100.0,84.23357664233576,0.6297147385769939,0.08804912229671198,0.05860201072166948,0.09404618293046951,0.019088168245028046,0.1,0.03966968364137061,0.8451202511787415,7.041917952472646e-05,False
176,-2.513888387119069,5.544093044520918e-07,0.011620603501796722,100.0,83.99026763990268,0.6297147385769939,0.07695195560946184,0.05940306931734085,0.09402941167354584,0.01873047381420346,0.1,0.05048626179204268,0.8449361324310303,6.421632219023784e-05,False
177,-2.5162577909581803,4.822633903621502e-06,0.010876247549758238,100.0,84.23357664233576,0.6315894212404675,0.05936818701379439,0.048792483175502104,0.09401340782642365,0.015192221137968934,0.1,0.053725007044918394,0.8447591662406921,5.1381878352806194e-05,False
178,-2.5158138976377598,8.602625657056919e-07,0.010903808123925152,100.0,84.0389294403893,0.6314920665440891,0.050644913359599954,0.06025226699078784,0.09399814158678055,0.017633098725448635,0.1,0.04357866767574759,0.844589352607727,7.557240592980045e-05,False
179,-2.5161080220166374,2.9201439330919626e-06,0.010422181118937099,100.0,84.18491484184915,0.6314920665440891,0.08336629433666959,0.05638810827889863,0.09398328512907028,0.01829264181501725,0.1,0.041174921042778916,0.8444262742996216,5.4599403965232125e-05,False
180,-2.5155588458566105,8.48633753857588e-06,0.010873566655551685,100.0,83.99026763990268,0.6323106174722186,0.0891632193370777,0.057618243729366976,0.0939691886305809,0.018901367507436696,0.1,0.03887485449804979,0.8442699313163757,7.729088300787706e-05,False
181,-2.516794344958137,8.29007756037219e-07,0.010625560494030224,100.0,84.13625304136254,0.6314920665440891,0.05062115762163611,0.06109465242308729,0.09395547956228256,0.017838010290528044,0.1,0.05039789965924095,0.8441202640533447,6.657857803100556e-05,False
182,-2.518560535767499,5.998111351392682e-07,0.010393380680504967,100.0,84.0389294403893,0.6307460038862477,0.07136277361389469,0.04855588944080998,0.0939425379037857,0.015731409027734223,0.1,0.03920450390261762,0.8439770936965942,4.859591343333972e-05,False
183,-2.5167634767644547,5.663233395961577e-07,0.01093005871071535,100.0,84.28223844282239,0.6314920665440891,0.082578020170331,0.06014687699430129,0.0939299687743187,0.019206189933945152,0.1,0.038431698565973955,0.8438402414321899,8.113982777799452e-05,False
184,-2.5158800377565274,2.2832327296802814e-06,0.011707970324684592,100.0,84.0389294403893,0.6298165478926384,0.04694320436786203,0.07084805058205829,0.09391816705465317,0.02009619783390971,0.1,0.042470976491184795,0.8437096476554871,7.404981218261288e-05,False
185,-2.5166828211616066,2.046089435606625e-06,0.012800623388851391,100.0,84.13625304136254,0.6302808347292904,0.04592477026231149,0.06083891803727431,0.09390675276517868,0.017542472328333295,0.1,0.04209166546078289,0.8435851335525513,7.300777735294746e-05,False
186,-2.516545618281645,1.1329230997519597e-06,0.012101721237687504,100.0,84.13625304136254,0.6319362743813398,0.04704191316576565,0.06684053623500992,0.09389571100473404,0.019103626884958324,0.1,0.05013832964879625,0.8434668183326721,8.279493126525161e-05,False
187,-2.518176289165721,4.6055336527468385e-07,0.011392826543134801,100.0,83.99026763990268,0.6314703693322771,0.09386666480670958,0.05254296958446503,0.09388543665409088,0.017860305769478575,0.1,0.03893544159226996,0.8433542251586914,6.245946860872209e-05,False
188,-2.519937711603501,7.330889244669566e-07,0.009983709629844217,100.0,84.42822384428224,0.6306422830416837,0.09685526777277975,0.04764097096288905,0.09387554973363876,0.016779918497537866,0.1,0.038434713092796946,0.8432469367980957,5.382479899066418e-05,False
189,-2.505209544125725,0.00022658869418028658,0.010773297180147731,100.0,84.18491484184915,0.6319554807917621,0.08712135912740931,0.06184232936185949,0.09386605769395828,0.019855579361319542,0.1,0.040647256023743576,0.8431450724601746,7.785772568775642e-05,False
190,-2.519278778749354,6.841938592154239e-06,0.010459282818962546,100.0,84.18491484184915,0.6326278242159028,0.07570244360934286,0.055034642710405236,0.09385735541582108,0.017574578140150097,0.1,0.03941163804162951,0.8430483341217041,6.158960069810478e-05,False
191,-2.520542635637171,5.796764454067764e-07,0.010608585880083196,100.0,84.0389294403893,0.6338024425723856,0.04442152326159617,0.0546006069463842,0.09384898096323013,0.01589996088296175,0.1,0.04067433329627795,0.8429569602012634,5.746613351220731e-05,False
192,-2.516749213723575,7.106809969273212e-07,0.011567730237455928,100.0,84.18491484184915,0.6341728192557468,0.10744805666891967,0.0692529439487878,0.09384099394083023,0.022734019412275625,0.1,0.03493523701806279,0.8428705930709839,9.675905226579155e-05,False
193,-2.51944003385656,4.450307996836166e-06,0.01087694352163988,100.0,84.330900243309,0.6341728192557468,0.06447267872007455,0.05925184554036926,0.09383338689804077,0.018069164334412885,0.1,0.039776431396603584,0.8427891135215759,6.513769264582901e-05,False
194,-2.5195517820470474,1.0291145693528011e-06,0.01097454086822622,100.0,84.13625304136254,0.6328744219571677,0.07349149093908422,0.058079111444599485,0.09382616728544235,0.01822892959941836,0.1,0.04506415676544694,0.8427122235298157,6.91539067595252e-05,False
195,-2.519873731276568,5.669191004224504e-07,0.01093910853652393,100.0,83.94160583941606,0.6337084455145151,0.0925084000782055,0.0542497472728,0.09381967782974243,0.01821548108230619,0.1,0.039881259312524515,0.8426399827003479,5.524833688789787e-05,False
196,-2.517004770391128,5.7031811403576554e-05,0.01066346378887401,99.95404411764706,84.13625304136254,0.6329983579472148,0.09719240566825166,0.053472209721803665,0.09381359070539474,0.018261090797536513,0.1,0.038975657758248204,0.8425719141960144,6.683613772860125e-05,False
197,-2.521722344791188,1.5727285684493729e-06,0.010086412815486683,100.0,84.28223844282239,0.6341728192557468,0.08597352750161115,0.04783995537196889,0.0938078835606575,0.016282741692574584,0.1,0.03742649176103227,0.8425079584121704,4.815296297773089e-05,False
198,-2.520442443735459,6.517177352554213e-07,0.010384400101268993,100.0,84.18491484184915,0.6346380751878167,0.0959769268246258,0.055859890273388696,0.0938025638461113,0.018796823699684703,0.1,0.037263585638035744,0.8424481153488159,6.600834849985618e-05,False
199,-2.5214091048521152,6.186907584418912e-07,0.01061221694245058,100.0,84.47688564476886,0.6350100323289026,0.05592485681614455,0.05377855831209351,0.09379762411117554,0.016270749928320154,0.1,0.05029132743092144,0.8423919081687927,5.973508728750269e-05,False
200,-2.5188645194558537,1.2494450922250668e-06,0.012405254823320052,100.0,83.99026763990268,0.6350100323289026,0.06740493327379227,0.06333745227140539,0.09379269927740097,0.019242434433716184,0.1,0.044061038971823806,0.8423396348953247,7.564920687239945e-05,False
