OBJID,mass,star_forming,has_agn,classification
,13989461583.670301,1,0,elliptical
,130590324186.13483,0,1,elliptical
,46047281947.04428,0,0,elliptical
,9736099419.22075,1,0,elliptical
,3708941641.864036,0,0,elliptical
,5354907829.408066,0,0,elliptical
,11341173645.350517,0,0,elliptical
,12463413388.220228,0,0,elliptical
,15507971706.933521,0,0,elliptical
,5016409712.109049,0,0,elliptical
,3307158427.2222805,1,0,elliptical
,35287183835.45778,0,0,elliptical
,16339659421.535885,0,0,elliptical
,13900070405.09791,0,0,elliptical
,36842916346.41437,0,0,elliptical
,17141783275.804052,0,0,elliptical
,6220008812.513126,1,0,elliptical
,14163937444.033316,0,0,elliptical
,6017304650.898404,1,0,elliptical
,8557324479.000384,1,0,elliptical
,6996196518.166775,0,0,elliptical
,9666271741.32602,1,0,elliptical
,6560742611.205937,0,0,elliptical
,6765034254.917345,1,0,elliptical
,127060628727.10364,0,1,elliptical
,20346044966.933327,0,0,elliptical
,7489434035.447606,0,0,elliptical
,25056649616.243267,0,0,elliptical
,4505562308.192442,1,0,elliptical
,16303393093.009228,0,0,elliptical
,8234571408.263491,1,0,elliptical
,27423823176.15698,0,0,elliptical
,15252885144.532381,0,0,elliptical
,6117697517.6466675,0,0,elliptical
,10323049266.3734,0,0,elliptical
,72473293835.93779,0,0,elliptical
,4562732415.199972,0,0,elliptical
,47618202767.932106,0,0,elliptical
,23812555213.103844,0,0,elliptical
,4351600319.80241,1,0,elliptical
,5109448192.969915,1,0,elliptical
,8242842468.737801,0,0,elliptical
,1834412495.40136,1,0,elliptical
,6740824185.546837,1,0,elliptical
,2664121331.9412413,0,0,elliptical
,7075057927.08637,1,0,elliptical
,22029213906.336647,0,0,elliptical
,24902617618.029774,0,0,elliptical
,11423100560.033667,1,0,elliptical
,77403393263.11513,0,0,elliptical
,137451663426.38657,0,0,elliptical
,63258224763.3662,0,0,elliptical
,17296610272.64544,0,0,elliptical
,40033263950.93419,0,0,elliptical
,164607644386.46384,0,0,elliptical
,19222328727.75201,0,1,elliptical
,246545454524.56317,0,0,elliptical
,60027602776.668,0,0,elliptical
,13419767757.57017,1,0,elliptical
,63335032829.48837,0,0,elliptical
,8275971758.888443,0,0,elliptical
,11423100560.033667,1,0,elliptical
,41864797994.78311,0,0,elliptical
,170824831102.34988,0,0,elliptical
,43625458058.94842,0,0,elliptical
,24398324322.077793,1,0,elliptical
,103808998214.21823,0,0,elliptical
,136399255549.30602,0,0,elliptical
,7326524394.827,0,0,elliptical
,206927399540.1799,0,1,elliptical
,191455567461.39252,0,0,elliptical
,213648082814.57993,0,0,elliptical
,151068181022.32352,0,0,elliptical
,153694384478.13614,0,0,elliptical
,171584478858.95178,0,0,elliptical
,153761639124.44977,0,0,elliptical
,99341565578.65819,0,0,elliptical
,189295809518.01404,0,0,elliptical
,196774582672.53436,0,0,elliptical
,175804909926.7174,0,0,elliptical
,108830844700.14743,0,0,elliptical
,169727025425.518,0,0,elliptical
,165211395654.04895,0,0,elliptical
,249650821798.24286,0,0,elliptical
,46161721871.129906,0,0,elliptical
,197409932494.295,0,0,elliptical
,29185692336.134003,1,0,elliptical
,141990078732.18643,0,0,elliptical
,155144362787.82922,0,1,elliptical
,35747279830.84194,0,0,elliptical
,35527528785.61553,0,0,elliptical
,205597580728.46884,0,0,elliptical
,161273867178.05908,0,0,elliptical
,457642131824.9543,0,0,elliptical
,47464946970.42029,0,0,elliptical
,1265531617916.1938,0,0,elliptical
,4614174343.261735,0,0,elliptical
,16725110663.28109,0,0,elliptical
,9094901501.887268,0,0,elliptical
,11115167200.954777,0,0,elliptical
,29521607374.75601,0,0,elliptical
,13041093239.998709,0,0,elliptical
,9894298308.44226,1,0,elliptical
,11639946923.569494,0,0,elliptical
,21355463410.834152,0,0,elliptical
,3680874412.1949463,1,0,elliptical
,28060861485.401443,0,0,elliptical
,38652892598.29133,0,0,elliptical
,26919190756.064667,0,0,elliptical
,51718985817.23677,0,0,elliptical
,7553530723.252061,1,0,elliptical
,3902779364.1267986,1,0,elliptical
,6592300563.8407,0,1,elliptical
,6303474495.882539,1,0,elliptical
,4587467494.680475,0,1,elliptical
,7849229004.696478,0,0,elliptical
,11935922767.643196,0,0,elliptical
,12480816557.641434,1,0,elliptical
,3151454200.599743,1,0,elliptical
,13430339773.430023,0,0,elliptical
,7200058084.543255,0,0,elliptical
,59005568634.502655,0,0,elliptical
,16538647847.713305,0,0,elliptical
,52076285585.678925,0,0,elliptical
,5862839430.033204,1,0,elliptical
,78529891967.54604,0,0,elliptical
,34082072817.654297,0,0,elliptical
,40309833100.80498,0,0,elliptical
,5700802559.592008,0,0,elliptical
,6853572321.878693,0,0,elliptical
,18181930778.336857,0,0,elliptical
,4194729883.537747,1,0,elliptical
,6117697517.6466675,0,0,elliptical
,39408054943.72495,0,0,elliptical
,18291528581.649506,0,0,elliptical
,9714512244.243582,1,0,elliptical
,6943253152.256418,0,0,elliptical
,8121794562.684371,0,0,elliptical
,5886416664.764485,0,0,elliptical
,48724343920.66981,0,0,elliptical
,46646493218.61677,0,0,elliptical
,3918474275.486822,1,0,elliptical
,4760417028.056481,1,0,elliptical
,9837052744.413067,0,0,elliptical
,15219030941.739092,0,1,elliptical
,2146119990.9857404,1,0,elliptical
,13169733901.57138,0,0,elliptical
,17073163525.956112,0,0,elliptical
,5300697248.169228,0,0,elliptical
,7489434035.447606,0,0,elliptical
,1966939491.386071,1,0,elliptical
,3374403400.120728,1,0,elliptical
,9631701173.44464,0,0,elliptical
,3258592097.8134027,1,0,elliptical
,29919546051.93036,0,0,elliptical
,6989176371.328912,1,0,elliptical
,43205595961.01035,0,0,elliptical
,31001592258.07556,0,0,elliptical
,20449702767.38713,0,0,elliptical
,11095247642.63069,0,0,elliptical
,10041763758.702192,0,0,elliptical
,13595369014.761665,0,0,elliptical
,3545006207.5557337,1,0,elliptical
,27699695823.075333,0,0,elliptical
,46984758614.80758,0,0,elliptical
,37788182140.028404,0,0,elliptical
,6197749229.019272,1,0,elliptical
,63950508190.15169,0,0,elliptical
,6345166168.9131,0,0,elliptical
,17926148921.341434,0,0,elliptical
,4771841391.79747,0,0,elliptical
,4253133354.7342525,1,0,elliptical
,40180098771.06684,0,0,elliptical
,8045906844.437963,1,0,elliptical
,49576173154.17395,0,0,elliptical
,42422572446.53411,0,0,elliptical
,10704860199.910149,0,0,elliptical
,79553812974.69405,0,0,elliptical
,5852346075.563268,1,0,elliptical
,51908681765.81655,0,0,elliptical
,11341173645.350517,0,0,elliptical
,33727798919.487537,0,1,elliptical
,5831415676.265096,1,0,elliptical
,5974148311.4994955,0,0,elliptical
,8771401686.751894,1,0,elliptical
,12463413388.220228,1,0,elliptical
,11914532328.307165,1,0,elliptical
,48724343920.66981,0,0,elliptical
,13808738330.412403,0,0,elliptical
,13747160400.41969,0,0,elliptical
,15396712487.666445,0,0,elliptical
,2494623447.191438,1,0,elliptical
,51534966728.836174,0,0,elliptical
,3846121503.5669303,1,0,elliptical
,7349909641.89219,0,0,elliptical
,13900070405.09791,0,0,elliptical
,42684971914.07303,0,0,elliptical
,7449051897.297209,0,0,elliptical
,3839237686.134608,1,0,elliptical
,12053661746.504305,0,0,elliptical
,37246116728.28515,0,0,elliptical
,6410944246.364333,1,0,elliptical
,49257571906.49209,0,0,elliptical
,48941018149.54169,0,0,elliptical
,5354907829.408066,0,0,elliptical
,29331886782.28669,0,0,elliptical
,12791780542.859295,0,0,elliptical
,41939862278.3199,0,0,elliptical
,4884408743.565847,1,0,elliptical
,10829838992.353477,0,0,elliptical
,16725110663.28109,0,0,elliptical
,5079874698.543396,0,0,elliptical
,5733977705.280665,1,0,elliptical
,13908490557.338356,0,0,elliptical
,8569253686.653625,0,0,elliptical
,8507794671.039158,0,0,elliptical
,6915458827.315251,1,0,elliptical
,9854690744.636192,1,0,elliptical
,3438468103.3359356,1,0,elliptical
,11792285900.921518,0,0,elliptical
,37788182140.028404,0,0,elliptical
,6813903834.165734,0,0,elliptical
,4904051248.3359165,1,0,elliptical
,4414037312.544382,1,0,elliptical
,188079300109.23346,0,1,elliptical
,3466035447.7009683,1,0,elliptical
,105162523748.75551,0,0,elliptical
,10767180659.024914,0,0,elliptical
,32162514869.26474,0,0,elliptical
,18064003136.974876,0,0,elliptical
,5288944381.433774,0,0,elliptical
,4595703482.669517,0,0,elliptical
,8315875907.330209,0,0,elliptical
,12717741696.333754,0,0,elliptical
,3099188558.0615396,1,0,elliptical
,31631588339.37249,0,1,elliptical
,4172112398.577066,1,0,elliptical
,7533017910.28879,0,0,elliptical
,37350033871.60517,0,0,elliptical
,13169733901.57138,0,0,elliptical
,6915458827.315251,0,0,elliptical
,37516213611.50867,0,0,elliptical
,6220008812.513126,0,0,elliptical
,4376409982.709589,1,0,elliptical
,405842944271.6547,0,0,elliptical
,8458571018.243827,0,0,elliptical
,3341442560.5890493,1,0,elliptical
,46666905112.08881,0,0,elliptical
,4326413250.09473,1,0,elliptical
,519086817658.16547,0,0,elliptical
,13256839551.016376,0,0,elliptical
,11935922767.643196,1,0,elliptical
,3039051082.0294137,1,0,elliptical
,16920375626.591446,0,0,elliptical
,4912844294.308094,1,0,elliptical
,6774464947.723986,0,0,elliptical
,5856970006.299989,0,0,elliptical
,6983674672.586249,1,0,elliptical
,5744258823.281413,0,0,elliptical
,29727268106.78571,0,0,elliptical
,13041093239.998709,1,0,elliptical
,6231161392.424319,1,0,elliptical
,67802545684.12491,0,0,elliptical
,3953857382.013442,1,0,elliptical
,35401119820.76527,0,0,elliptical
,576567289711.1945,0,0,elliptical
,3657362435.7429233,1,0,elliptical
,787489913732.1105,0,0,elliptical
,5886416664.764485,0,0,elliptical
,5862839430.033204,0,1,elliptical
,43485052626.193504,0,0,elliptical
,40292201761.91192,0,0,elliptical
,11660844393.28819,0,0,elliptical
,3689062388.7674594,1,0,elliptical
,10439435131.117462,0,0,elliptical
,32091942101.41324,1,0,elliptical
,7395848392.915969,1,0,elliptical
,17775793644.84668,0,0,elliptical
,49327601626.38658,0,0,elliptical
,15828107820.411652,0,0,elliptical
,3846121503.5669303,1,0,elliptical
,7034123676.980993,0,0,elliptical
,7857113015.23644,0,0,elliptical
,9589015044.362585,1,0,elliptical
,46033288406.14105,0,0,elliptical
,75243501934.12357,0,0,elliptical
,3918474275.486822,1,0,elliptical
,4649358127.472487,0,0,elliptical
,536957607810.6067,0,0,elliptical
,6943253152.256418,1,0,elliptical
,39360173125.01611,0,0,elliptical
,11095247642.63069,0,0,elliptical
,3026885549.3267384,0,0,elliptical
,20552752858.858997,0,0,elliptical
,5118609519.101751,1,0,elliptical
,590642916641.1583,0,0,elliptical
,19043685472.12093,0,0,elliptical
,498196876096.09064,0,0,elliptical
,21355463410.834152,0,0,elliptical
,60543566389.80216,0,0,elliptical
,15689026624.13778,0,0,elliptical
,6624483153.627801,1,0,elliptical
,5005287176.322418,1,0,elliptical
,7811636032.362959,0,0,elliptical
,3710393752.187137,0,0,elliptical
,9218536933.528841,0,1,elliptical
,4507834883.628516,0,0,elliptical
,41563393605.40986,0,0,elliptical
,4968222073.0548315,1,0,elliptical
,32395747103.54546,0,0,elliptical
,5251011869.781231,0,0,elliptical
,17296610272.64544,0,0,elliptical
,5865350909.525467,0,0,elliptical
,13656833039.204002,0,0,elliptical
,16157493876.416456,0,0,elliptical
,12070464969.79084,0,0,elliptical
,5176318610.64977,0,0,elliptical
,5856970006.299989,1,0,elliptical
,49593070730.086555,0,0,elliptical
,19058468558.02106,0,0,elliptical
,7148418992.22274,0,0,elliptical
,45751359116.63413,0,0,elliptical
,31226333952.840065,0,0,elliptical
,15335078377.470009,0,0,elliptical
,6624483153.627801,1,0,elliptical
,25677101627.759285,0,0,elliptical
,12649169144.69478,0,0,elliptical
,6017304650.898404,0,0,elliptical
,7666109177.472122,0,0,elliptical
,8953956908.870804,0,0,elliptical
,422716305248.03357,0,0,elliptical
,46817584175.62615,0,0,elliptical
,8523049289.287627,0,0,elliptical
,11423100560.033667,0,0,elliptical
,12053661746.504305,0,0,elliptical
,35033134786.94803,0,0,elliptical
,62802799023.34438,0,1,elliptical
,15246354024.940521,0,0,elliptical
,117731045296.98483,0,0,elliptical
,216588802436.22937,0,0,elliptical
,243574601110.0108,0,0,elliptical
,224782760307.44382,0,0,elliptical
,5258331962.77735,1,0,elliptical
,96387341061.2849,0,0,elliptical
,156201068370.0987,0,0,elliptical
,98309163327.51102,0,0,elliptical
,60247773239.598755,0,0,elliptical
,219487605200.76566,0,0,elliptical
,161563405934.3696,0,0,elliptical
,267446550020.57544,0,0,elliptical
,182995327145.88202,0,0,elliptical
,204776445375.3664,0,0,elliptical
,275123697807.55505,0,0,elliptical
,49257571906.49209,1,0,spiral
,29321892688.832363,0,0,spiral
,18677769004.31029,0,0,spiral
,41563393605.40986,0,0,spiral
,26725448366.665375,1,0,spiral
,10179489529.574488,1,0,spiral
,62426501942.205696,1,0,spiral
,73266424853.99681,0,0,spiral
,24833332302.44071,0,0,spiral
,12053661746.504305,1,0,spiral
,27961019346.80023,1,0,spiral
,40292201761.91192,0,0,spiral
,5440176624.134825,1,0,spiral
,15096351524.745604,1,0,spiral
,38005285556.88803,1,0,spiral
,6220008812.513126,0,0,spiral
,25274233879.96062,1,0,spiral
,7696920485.128456,1,0,spiral
,17172558321.367638,1,0,spiral
,14255025548.226183,1,0,spiral
,12255245060.75119,0,0,spiral
,7652388317.133979,1,0,spiral
,5711024194.001275,0,0,spiral
,156531230764.179,1,0,spiral
,31515993337.707973,0,1,spiral
,6184007391.419778,1,0,spiral
,17397265848.718575,1,0,spiral
,10881956863.172,1,0,spiral
,30910497853.975822,1,0,spiral
,498196876096.09064,0,0,spiral
,107383115507.36618,0,0,spiral
,15177736192.84471,0,0,spiral
,62515253991.39911,0,0,spiral
,15535777759.776173,1,0,spiral
,44917854084.050995,0,0,spiral
,18677769004.31029,1,0,spiral
,42684971914.07303,0,1,spiral
,28923710100.979527,0,0,spiral
,13288684789.957575,0,0,spiral
,54723768875.98064,0,0,spiral
,12010082757.705734,0,0,spiral
,16245085446.307234,0,0,spiral
,190225178369.45627,0,0,spiral
,118584793048.06822,0,0,spiral
,14280585047.634426,0,0,spiral
,24803159153.39948,0,0,spiral
,37229825445.09267,0,1,spiral
,11860937023.648388,0,0,spiral
,18299532714.588203,0,0,spiral
,15710897672.376728,0,0,spiral
,16092814305.444796,0,0,spiral
,23717504955.851223,0,0,spiral
,6989176371.328912,1,0,spiral
,3687482772.3594947,1,0,spiral
,7902836554.378158,1,0,spiral
,23385195233.071766,0,0,spiral
,19284394178.30528,0,0,spiral
,49748386529.22611,1,0,spiral
,48118269476.56046,0,0,spiral
,24913514676.799168,0,0,spiral
,27961019346.80023,1,0,spiral
,5637246167.191491,1,0,spiral
,21182684608.470703,0,0,spiral
,28573668373.88637,0,0,spiral
,112679004133.60391,0,1,spiral
,20411738695.603497,0,0,spiral
,55187535463.59077,0,1,spiral
,42718107076.243935,0,0,spiral
,148643868692.65683,0,0,spiral
,17810946535.81827,1,0,spiral
,61750716340.0291,0,0,spiral
,25585741042.09327,0,0,spiral
,9486193954.904943,1,0,spiral
,13606110697.473648,1,0,spiral
,18672522868.6024,1,0,spiral
,41397489055.51476,0,1,spiral
,107776977483.50015,0,0,spiral
,7148418992.22274,1,0,spiral
,3710393752.187137,1,0,spiral
,14782265559.555695,0,0,spiral
,18167785763.740772,0,0,spiral
,17672948015.8244,0,0,spiral
,26898310342.294937,0,0,spiral
,29616859152.72632,1,0,spiral
,40715333832.155396,0,0,spiral
,28551438888.957638,1,0,spiral
,33788351227.949623,1,0,spiral
,81460299031.76399,1,0,spiral
,14402802320.278969,0,0,spiral
,193118108915.20566,0,0,spiral
,19207374313.738396,1,0,spiral
,36239316669.3395,1,0,spiral
,5852346075.563268,0,0,spiral
,8932520056.249561,1,0,spiral
,31313455825.01814,1,0,spiral
,18617655933.717438,0,0,spiral
,32486131653.41081,0,0,spiral
,10383146937.686342,1,0,spiral
,22090726561.35935,0,0,spiral
,63876777730.96682,0,0,spiral
,26994357800.22287,0,0,spiral
,41939862278.3199,1,0,spiral
,21815943491.064106,1,0,spiral
,20987997316.59969,0,0,spiral
,22992066134.55929,0,0,spiral
,29004407623.08195,0,0,spiral
,883818321056.8401,0,1,spiral
,38652892598.29133,0,0,spiral
,15250742909.95911,1,0,spiral
,18611312441.57575,1,0,spiral
,11377373094.559069,1,0,spiral
,78468797990.1433,0,0,spiral
,38717740080.52749,0,0,spiral
,17483404273.72159,1,0,spiral
,90902536137.42279,0,0,spiral
,21861099453.46306,0,0,spiral
,29309067425.435963,0,0,spiral
,12553447192.238047,0,0,spiral
,84241288322.63597,0,0,spiral
,29344654462.492615,0,0,spiral
,9049404474.825346,1,0,spiral
,7569270051.673279,1,0,spiral
,9925879532.773266,0,0,spiral
,44817848065.85491,0,0,spiral
,5109448192.969915,1,0,spiral
,86683811687.58931,0,0,spiral
,7489434035.447606,1,0,spiral
,2224385216.2578454,1,0,spiral
,21286732371.315247,1,0,spiral
,42422572446.53411,0,0,spiral
,33136985672.543198,0,0,spiral
,11035423386.085142,0,0,spiral
,7533017910.28879,1,0,spiral
,15307631537.903717,1,0,spiral
,10632637312.296734,1,0,spiral
,5598697461.146888,1,0,spiral
,83544141390.77855,0,0,spiral
,33836699930.68946,1,0,spiral
,23630831311.915447,0,0,spiral
,21790741060.31761,1,0,spiral
,84938189588.17009,0,1,spiral
,18853978174.35692,0,0,spiral
,26540493868.239975,1,0,spiral
,17507252683.699707,1,0,spiral
,80354092382.0112,0,0,spiral
,35428682307.63609,1,0,spiral
,25752773015.61072,1,0,spiral
,18785077883.449467,1,0,spiral
,11785146891.68545,0,0,spiral
,12553447192.238047,1,0,spiral
,15089887431.147926,1,0,spiral
,289110590008.48206,0,0,spiral
,22260606873.982635,0,0,spiral
,5331347610.636056,1,0,spiral
,39518003922.390976,1,0,spiral
,19732358628.16478,1,0,spiral
,13833497629.369162,1,0,spiral
,9575952871.433733,1,0,spiral
,5452265552.712942,0,0,spiral
,19213920968.006012,0,0,spiral
,7024315340.682226,1,0,spiral
,16974383112.698097,1,0,spiral
,14349309401.454613,0,0,spiral
,210093201933.59845,0,0,spiral
,37637346734.02619,0,0,spiral
,188604043768.48688,0,0,spiral
,39124337804.13238,1,0,spiral
,23938944617.44044,0,0,spiral
,43518909074.75092,0,0,spiral
,7046735978.470841,0,0,spiral
,7148418992.22274,1,0,spiral
,23717504955.851223,1,0,spiral
,20199610722.21774,1,0,spiral
,63698909873.98988,0,0,spiral
,6958682153.418815,1,0,spiral
,42578170820.98556,1,0,spiral
,36502112561.69908,0,0,spiral
,262761056866.33054,0,0,spiral
,43781234176.26517,0,0,spiral
,70818545043.81697,0,0,spiral
,89637760988.59727,1,0,spiral
,11350108156.723143,0,0,spiral
,10747884729.48595,1,0,spiral
,30589191616.893585,1,0,spiral
,24753407989.34904,1,0,spiral
,14486651080.223219,0,0,spiral
,7119803374.164672,1,0,spiral
,54967248753.659454,0,0,spiral
,9397557680.18452,1,0,spiral
,35158229764.911835,1,0,spiral
,90579099751.9445,1,0,spiral
,15598218512.595549,1,0,spiral
,46646493218.61677,0,0,spiral
,12299600345.175997,1,0,spiral
,8619141290.419588,1,0,spiral
,14981662180.59946,0,0,spiral
,27982789144.833256,0,0,spiral
,8708492857.939129,0,0,spiral
,15626186379.471302,0,0,spiral
,15150570965.513592,1,0,spiral
,119789568355.76297,0,0,spiral
,23395428287.712738,0,0,spiral
,4192180755.6615696,1,0,spiral
,53309302470.01386,1,0,spiral
,10829838992.353477,0,0,spiral
,9221190623.622494,1,0,spiral
,65515641832.48483,0,0,spiral
,14808770409.129242,1,0,spiral
,14428626785.912987,0,0,spiral
,4884408743.565847,1,0,spiral
,8207842231.891123,1,0,spiral
,49576173154.17395,1,0,spiral
,27302348129.400677,0,0,spiral
,7349909641.89219,0,0,spiral
,60759753041.36622,1,0,spiral
,14782265559.555695,0,0,spiral
,22945894898.049824,0,0,spiral
,32370544152.262695,1,0,spiral
,37246116728.28515,1,0,spiral
,37499804189.15967,0,0,spiral
,49416615768.28614,1,0,spiral
,12947562019.851135,0,0,spiral
,31088087098.04326,1,0,spiral
,33945952563.71718,1,0,spiral
,25585741042.09327,0,0,spiral
,13760968477.292738,1,0,spiral
,512037772953.9625,0,0,spiral
,8195132883.161946,1,0,spiral
,15971032741.120714,0,0,spiral
,18565856954.723263,1,0,spiral
,16522052582.544632,1,0,spiral
,13989461583.670301,0,0,spiral
,16063974275.65836,0,0,spiral
,41246205384.11207,1,0,spiral
,26296563650.15701,0,0,spiral
,8092430905.256854,1,0,spiral
,32591023543.79286,0,0,spiral
,586391950444.2623,0,0,spiral
,16186464533.38068,0,0,spiral
,12005382457.328268,1,0,spiral
,26713758776.285694,1,0,spiral
,379101934001.2738,0,0,spiral
,45849330668.089935,0,0,spiral
,20692739954.01799,0,0,spiral
,26487257889.054848,0,1,spiral
,26369931399.970837,0,0,spiral
,12740544820.064585,1,0,spiral
,58854137560.408806,0,1,spiral
,44837459768.19811,0,1,spiral
,21658880243.622936,1,0,spiral
,79297774687.99176,0,1,spiral
,86963698162.54541,0,0,spiral
,9140290524.064348,0,0,spiral
,30589191616.893585,0,0,spiral
,60739050702.82688,0,1,spiral
,11598317680.566008,1,0,spiral
,71290227397.01427,0,0,spiral
,15764710505.085999,0,0,spiral
,26276105686.633057,1,0,spiral
,28923710100.979527,0,0,spiral
,53137730273.04,0,0,spiral
,11935922767.643196,0,0,spiral
,116883713212.26474,0,1,spiral
,20004007099.11031,1,0,spiral
,13808738330.412403,0,0,spiral
,102035195281.98764,0,0,spiral
,34920383135.28912,0,0,spiral
,7326524394.827,0,0,spiral
,22250870185.101227,0,0,spiral
,12140735566.94001,0,0,spiral
,28573668373.88637,0,0,spiral
,14761653264.616972,1,0,spiral
,4406137035.0906315,0,0,spiral
,20559758072.846886,1,0,spiral
,17810946535.81827,0,0,spiral
,14486651080.223219,0,0,spiral
,58854137560.408806,0,1,spiral
,20264831640.98525,0,0,spiral
,64289936973.1967,0,1,spiral
,722400436962.955,0,0,spiral
,15177736192.84471,1,0,spiral
,11935922767.643196,0,0,spiral
,143677578528.98538,0,0,spiral
,23794084523.91152,0,0,spiral
,31631588339.37249,1,0,spiral
,45389667358.95901,1,0,spiral
,29748632043.955215,1,0,spiral
,16738286609.272427,0,0,spiral
,49997581844.92645,1,0,spiral
,53481428642.82793,0,0,spiral
,85915594583.5569,1,0,spiral
,15932759476.17255,0,0,spiral
,9983665001.994572,1,0,spiral
,39250663271.135025,0,0,spiral
,22412226353.580566,0,0,spiral
,103773866889.56357,0,0,spiral
,14096100907.712475,1,0,spiral
,55792908256.69515,0,1,spiral
,45490006616.72131,1,0,spiral
,49039496214.31239,0,0,spiral
,28447165538.53392,0,1,spiral
,17546196955.840046,1,0,spiral
,130431953852.89432,0,0,spiral
,5459878772.156738,1,0,spiral
,18240636970.58174,0,0,spiral
,19740993249.4295,0,0,spiral
,118544388299.7211,0,0,spiral
,31642369671.032326,1,0,spiral
,9666271741.32602,0,0,spiral
,26003032572.632435,0,0,spiral
,116266607357.1137,0,0,spiral
,11707711174.834957,0,0,spiral
,722400436962.955,0,1,spiral
,18491706853.09196,1,0,spiral
,20692739954.01799,0,0,spiral
,24190341531.79325,1,0,spiral
,59667933907.3835,0,1,spiral
,24466395959.82306,1,0,spiral
,19868679305.325294,0,0,spiral
,43133231868.71683,0,0,spiral
,25824623582.580532,1,0,spiral
,230943104707.3728,0,0,spiral
,14319471848.857683,0,0,spiral
,18005865428.15573,1,0,spiral
,210302289136.79266,0,0,spiral
,41264254182.474525,0,1,spiral
,17926148921.341434,0,0,spiral
,8889738787.013746,1,0,spiral
,21286732371.315247,1,0,spiral
,9191280074.00245,0,0,spiral
,484672077217.617,0,0,spiral
,22780749053.037685,0,1,spiral
,21191953873.357338,0,0,spiral
,52053507653.62555,0,0,spiral
,9272183118.010584,1,0,spiral
,27871028795.495274,0,0,spiral
,56166323884.03685,0,0,spiral
,32827287597.72815,0,0,spiral
,9666271741.32602,0,0,spiral
,41832228396.651985,1,0,spiral
,32068895319.507675,1,0,spiral
,38652892598.29133,0,0,spiral
,89022748783.23932,0,0,spiral
,10023790933.779915,1,0,spiral
,160282460250.09732,1,0,spiral
,16859822575.082935,1,0,spiral
,62600672683.188194,0,1,spiral
,19284394178.30528,0,0,spiral
,8523049289.287627,1,0,spiral
,42975704025.057304,1,0,spiral
,7553530723.252061,0,0,spiral
,407648642096.52356,0,0,spiral
,47751058164.31546,1,0,spiral
,25308767723.40137,0,0,spiral
,55391356387.80183,0,0,spiral
,161849737735.56036,0,0,spiral
,54614001761.801216,0,0,spiral
,30039520773.471123,1,0,spiral
,8873827865.121668,0,0,spiral
,106184469097.81349,0,0,spiral
,7533017910.28879,1,0,spiral
,44083696117.19669,1,0,spiral
,40864670362.07743,1,0,spiral
,7075057927.08637,0,0,spiral
,18551413256.70151,1,0,spiral
,26276105686.633057,0,0,spiral
,4475504519.208117,1,0,spiral
,33957522724.822475,1,0,spiral
,14532890456.00383,1,0,spiral
,104526160982.16621,1,0,spiral
,15689026624.13778,1,0,spiral
,68735959586.05032,1,0,spiral
,52796240680.62382,0,0,spiral
,12391303663.316454,1,0,spiral
,8397886486.095489,0,0,spiral
,8259447557.238738,0,0,spiral
,51908681765.81655,0,0,spiral
,15856487882.664202,1,0,spiral
,14761653264.616972,0,0,spiral
,29214738277.305283,0,0,spiral
,10263323072.627043,1,0,spiral
,12233282362.003603,0,0,spiral
,5220619004.563765,1,0,spiral
,84749081486.13115,0,0,spiral
,3335462021.3558617,1,0,spiral
,30787044540.566242,1,0,spiral
,9493667123.945765,0,0,spiral
,314283079554.72296,0,0,spiral
,77679603475.62392,0,0,spiral
,20775668165.039856,0,0,spiral
,21182684608.470703,1,0,spiral
,47809037446.007416,0,0,spiral
,7741729628.773983,0,0,spiral
,21114509645.233772,0,0,spiral
,9736099419.22075,1,0,spiral
,18853978174.35692,0,0,spiral
,33619248398.44172,1,0,spiral
,7888691997.585718,1,0,spiral
,12092107515.516874,1,0,spiral
,31023800571.961193,1,0,spiral
,33470407507.96971,0,0,spiral
,10810455664.402016,1,0,spiral
,12319582777.61913,0,0,spiral
,19284394178.30528,1,0,spiral
,224045899582.00943,0,0,spiral
,38528491013.667076,0,0,spiral
,59429626385.45482,0,0,spiral
,34734575850.26909,1,0,spiral
,21589172678.61629,1,0,spiral
,8634595555.020325,1,0,spiral
,22228747876.139507,1,0,spiral
,41832228396.651985,0,0,spiral
,48588780599.68906,0,1,spiral
,10458153213.04261,0,0,spiral
,16859822575.082935,0,0,spiral
,177651549575.66833,0,0,spiral
,31088087098.04326,0,0,spiral
,13933428713.707642,1,0,spiral
,4374536051.534634,1,0,spiral
,18724619446.864193,0,0,spiral
,160282460250.09732,0,0,spiral
,6868802038.122939,1,0,spiral
,39634464971.82238,0,0,spiral
,99884707000.3484,0,1,spiral
,25339497601.010826,0,0,spiral
,8708492857.939129,0,0,spiral
,13366016718.10438,0,0,spiral
,26211930031.083633,0,1,spiral
,7567074330.269697,1,0,spiral
,38777695853.31196,0,0,spiral
,26561157678.24057,1,0,spiral
,12480816557.641434,1,0,spiral
,14782265559.555695,1,0,spiral
,15828107820.411652,1,0,spiral
,13889096648.578827,0,0,spiral
,82292640949.38885,1,0,spiral
,17810946535.81827,1,0,spiral
,299195460519.3036,0,1,spiral
,23094310470.737278,0,0,spiral
,10207984454.48322,1,0,spiral
,11792285900.921518,0,0,spiral
,5401321147.646348,1,0,spiral
,51369105105.19901,1,0,spiral
,33255309953.76162,0,0,spiral
,12319582777.61913,0,0,spiral
,16450003701.165112,0,0,spiral
,24112486638.747288,1,0,spiral
,7476029389.61839,1,0,spiral
,46516710998.39626,1,0,spiral
,30003021969.106518,0,0,spiral
,37758870973.66238,0,0,spiral
,6943253152.256418,0,0,spiral
,31860970464.87568,0,0,spiral
,84301829559.87103,0,0,spiral
,7597505095.062588,1,0,spiral
,67561455942.23499,0,0,spiral
,157543685164.43414,0,0,spiral
,33957522724.822475,0,0,spiral
,15089887431.147926,1,0,spiral
,39921881389.894,1,0,spiral
,16618238976.69027,0,0,spiral
,6789534508.396688,1,0,spiral
,61950098323.65409,0,0,spiral
,47254698872.790886,0,1,spiral
,367507325271.00757,0,0,spiral
,52001754901.06913,1,0,spiral
,100061958725.495,0,0,spiral
,61623023084.92272,0,0,spiral
,57266679223.093254,1,0,spiral
,35543075166.12245,1,0,spiral
,38374612227.92983,1,0,spiral
,14486651080.223219,1,0,spiral
,57637083909.01058,0,0,spiral
,68735959586.05032,1,0,spiral
,8147718201.537631,1,0,spiral
,178684548865.068,0,1,spiral
,7696920485.128456,1,0,spiral
,9322448653.113571,1,0,spiral
,22763026291.258694,1,0,spiral
,24190341531.79325,1,0,spiral
,418464865212.7019,0,0,spiral
,4351079314.63277,1,0,spiral
,178762327263.52502,1,0,spiral
,4968222073.0548315,1,0,spiral
,25308767723.40137,0,0,spiral
,23641171853.681995,1,0,spiral
,9486193954.904943,1,0,spiral
,13497862507.530582,0,0,spiral
,77120529017.5043,1,0,spiral
,4816482647.743662,0,0,spiral
,20222926340.613167,1,0,spiral
,11660844393.28819,1,0,spiral
,87001752335.97475,0,0,spiral
,21605981505.329002,0,0,spiral
,30701387276.347553,1,0,spiral
,30123331421.65907,1,0,spiral
,28039030949.352844,1,0,spiral
,8873827865.121668,1,0,spiral
,34637935565.83988,0,0,spiral
,20568754753.253773,1,0,spiral
,12508550896.13562,1,0,spiral
,68051233240.85939,1,0,spiral
,14782265559.555695,1,0,spiral
,303314379645.77234,0,0,spiral
,104742515566.91983,0,1,spiral
,18299532714.588203,0,0,spiral
,30220594254.031143,1,0,spiral
,6082288274.493917,1,0,spiral
,54547644319.52051,1,0,spiral
,27789133170.953247,0,0,spiral
,45162502643.84638,1,0,spiral
,110024651089.19162,0,0,spiral
,11572601538.769335,0,0,spiral
,32816178097.41539,0,0,spiral
,28163783684.15162,1,0,spiral
,109182239971.0365,0,0,spiral
,21861099453.46306,1,0,spiral
,9516472566.889147,1,0,spiral
,48941018149.54169,0,1,spiral
,14901328882.62609,1,0,spiral
,27423823176.15698,0,0,spiral
,11275530913.900097,1,0,spiral
,5771902682.023133,1,0,spiral
,9486193954.904943,0,0,spiral
,32276319065.038006,1,0,spiral
,54043068529.249084,0,0,spiral
,60590704199.627716,0,0,spiral
,31188464953.39611,0,0,spiral
,11660844393.28819,1,0,spiral
,16568301920.127743,1,0,spiral
,23717504955.851223,1,0,spiral
,774634793747.6854,0,0,spiral
,19796070873.755894,0,0,spiral
,34637935565.83988,0,0,spiral
,32266361859.114754,1,0,spiral
,16442959988.42219,1,0,spiral
,119830397512.11061,0,0,spiral
,12413521478.190172,1,0,spiral
,66318241208.895966,1,0,spiral
,42528983243.933754,0,0,spiral
,26369931399.970837,0,0,spiral
,13681319969.431036,1,0,spiral
,13366016718.10438,0,0,spiral
,130489029164.7488,0,0,spiral
,94993305464.1117,0,0,spiral
,25771280623.597866,0,0,spiral
,24965082179.824287,0,0,spiral
,16274213156.42231,0,0,spiral
,24689596934.803825,0,1,spiral
,9486193954.904943,1,0,spiral
,52562377379.944214,1,0,spiral
,21424416370.547802,0,1,spiral
,30910497853.975822,0,0,spiral
,83658293230.6675,0,0,spiral
,7326524394.827,1,0,spiral
,11660844393.28819,0,0,spiral
,21123749077.650887,0,0,spiral
,25919343662.446846,0,0,spiral
,10976275522.434805,1,0,spiral
,8838284964.498688,1,0,spiral
,31974738399.7878,0,1,spiral
,32475062831.34261,0,0,spiral
,11341173645.350517,1,0,spiral
,15828107820.411652,0,0,spiral
,14402802320.278969,1,0,spiral
,14894948295.603449,0,0,spiral
,36619971333.8788,1,0,spiral
,7284118459.748865,1,0,spiral
,15856487882.664202,0,0,spiral
,10062015917.086435,1,0,spiral
,9272183118.010584,1,0,spiral
,49257571906.49209,0,0,spiral
,25045689950.89799,0,0,spiral
,52943542869.18729,0,0,spiral
,11639946923.569494,1,0,spiral
,39645600466.65712,0,0,spiral
,116216020465.27412,0,0,spiral
,4907914631.705252,1,0,spiral
,18672522868.6024,1,0,spiral
,15252885144.532381,1,0,spiral
,70363429705.65225,1,0,spiral
,34152617958.15041,1,0,spiral
,23889441681.3907,1,0,spiral
,35173614545.01217,1,0,spiral
,46938045325.038605,1,0,spiral
,598605909602.3047,0,0,spiral
,54547644319.52051,0,0,spiral
,30589191616.893585,0,1,spiral
,99385036144.48218,0,0,spiral
,33931182886.767365,0,0,spiral
,65015663652.230194,0,0,spiral
,307870445405.6624,0,0,spiral
,12575984690.414595,1,0,spiral
,53285985221.9456,0,1,spiral
,9894298308.44226,1,0,spiral
,18617655933.717438,1,0,spiral
,17073163525.956112,0,0,spiral
,11154214708.237005,0,0,spiral
,12626529565.84063,0,0,spiral
,14987527742.371614,0,0,spiral
,35287183835.45778,0,0,spiral
,107776977483.50015,0,0,spiral
,7435719527.725074,1,0,spiral
,78946521661.52605,0,0,spiral
,27910653167.224865,0,0,spiral
,64784334229.04078,1,0,spiral
,111674752850.59314,0,0,spiral
,63716953104.67172,0,0,spiral
,15219030941.739092,0,0,spiral
,16785141239.717926,0,0,spiral
,17933951874.436485,1,0,spiral
,39873375258.59783,1,0,spiral
,42271630524.80335,0,0,spiral
,177651549575.66833,0,0,spiral
,45879005995.289764,0,0,spiral
,4729138138.7509165,1,0,spiral
,3385174026.5401473,1,0,spiral
,27871028795.495274,1,0,spiral
,31327158182.4824,1,0,spiral
,18056102023.60939,1,0,spiral
,268865451428.68042,0,1,spiral
,28911059000.84821,0,1,spiral
,46496364799.15122,0,0,spiral
,227707848563.17062,0,0,spiral
,7696920485.128456,0,0,spiral
,10263323072.627043,1,0,spiral
,27601202286.453182,1,0,spiral
,88706000787.91132,0,0,spiral
,20084221390.371605,0,0,spiral
,13449093101.365232,1,0,spiral
,17546196955.840046,0,0,spiral
,17850689672.095882,0,1,spiral
,22844307635.03828,0,0,spiral
,17933951874.436485,1,0,spiral
,50180963992.98854,1,0,spiral
,36332560048.22739,1,0,spiral
,69662491007.07898,0,0,spiral
,35543075166.12245,0,0,spiral
,16755099066.64492,0,0,spiral
,18051030499.191734,0,0,spiral
,16859822575.082935,0,0,spiral
,52076285585.678925,1,0,spiral
,59212445771.97303,0,0,spiral
,19058468558.02106,0,1,spiral
,26023218007.05099,1,0,spiral
,11035423386.085142,1,0,spiral
,52284986473.520775,0,0,spiral
,20692739954.01799,1,0,spiral
,21251079696.43184,0,0,spiral
,238021397090.30133,0,0,spiral
,38251106268.87757,1,0,spiral
,20842749069.932858,1,0,spiral
,16442959988.42219,0,0,spiral
,39038039574.9678,0,0,spiral
,15535777759.776173,0,0,spiral
,26919190756.064667,0,0,spiral
,13736338991.562357,1,0,spiral
,15041875855.093653,0,0,spiral
,119830397512.11061,0,1,spiral
,43272501335.37023,0,0,spiral
,18551413256.70151,0,0,spiral
,467971063758.1263,0,0,spiral
,48097222762.87233,0,0,spiral
,5831415676.265096,1,0,spiral
,33030336641.895542,0,0,spiral
,27302348129.400677,0,1,spiral
,25908006658.6231,0,0,spiral
,16274213156.42231,0,0,spiral
,133186130069.48207,0,0,spiral
,23460701832.66088,1,0,spiral
,22928096451.427498,0,0,spiral
,23641171853.681995,0,0,spiral
,23802139709.030132,1,0,spiral
,18109314037.92165,1,0,spiral
,27711816846.57207,0,0,spiral
,7107043931.503699,0,0,spiral
,14096100907.712475,1,0,spiral
,21039383020.928493,0,0,spiral
,269943578002.2287,0,1,spiral
,32933281019.443653,0,0,spiral
,8584638268.783125,1,0,spiral
,12924388375.16631,0,0,spiral
,78783450898.71906,0,0,spiral
,40309833100.80498,0,0,spiral
,20635167571.864937,0,0,spiral
,44371386541.344765,0,0,spiral
,62851695819.04734,0,0,spiral
,277615045980.1781,0,1,spiral
,15828107820.411652,0,0,spiral
,87526185139.98337,0,0,spiral
,27302348129.400677,1,0,spiral
,296298191017.4463,0,0,spiral
,28367953083.69297,0,0,spiral
,49060955254.50108,0,0,spiral
,27801293331.060078,1,0,spiral
,35287183835.45778,0,0,spiral
,93656732063.01984,0,0,spiral
,22322714252.63331,1,0,spiral
,9673886774.611364,0,0,spiral
,14286702458.30429,1,0,spiral
,21958314448.78619,1,0,spiral
,5933610028.319692,1,0,spiral
,11489602397.341307,1,0,spiral
,170899188296.99316,0,0,spiral
,42253141104.57973,0,0,spiral
,14197928998.220963,0,0,spiral
,17042605848.411116,0,0,spiral
,4427341272.842078,1,0,spiral
,59047701926.36456,0,0,spiral
,13017752192.426813,0,0,spiral
,10951938591.380808,1,0,spiral
,19732358628.16478,0,0,spiral
,13565224950.1662,0,0,spiral
,7212967909.203268,1,0,spiral
,37487027085.853386,0,0,spiral
,16141281070.036621,0,0,spiral
,60027602776.668,0,1,spiral
,17241577554.64974,0,0,spiral
,4914948821.959087,0,0,spiral
,24689596934.803825,1,0,spiral
,39408054943.72495,0,1,spiral
,22478276030.74438,0,0,spiral
,6865860891.766777,1,0,spiral
,32262275835.441505,0,0,spiral
,12026908309.02011,1,0,spiral
,23546751472.23078,0,0,spiral
,9177047931.080141,1,0,spiral
,81170458662.0855,0,0,spiral
,31202112616.49472,1,0,spiral
,15008524551.651974,1,0,spiral
,14868289204.195263,1,0,spiral
,8349298730.444389,1,0,spiral
,48252520065.47379,0,1,spiral
,42528983243.933754,1,0,spiral
,28539016332.01054,0,0,spiral
,33727798919.487537,0,0,spiral
,80972211347.28128,0,0,spiral
,9022232198.072683,1,0,spiral
,47751058164.31546,1,0,spiral
,52076285585.678925,0,0,spiral
,24026693042.058952,1,0,spiral
,20552752858.858997,0,0,spiral
,13760968477.292738,0,0,spiral
,8302387509.912598,1,0,spiral
,52244430568.20383,1,0,spiral
,60739050702.82688,0,0,spiral
,69384426026.99496,0,1,spiral
,22623667013.53029,0,0,spiral
,43625458058.94842,1,0,spiral
,25677101627.759285,1,0,spiral
,21790741060.31761,0,0,spiral
,48118269476.56046,0,0,spiral
,28539016332.01054,1,0,spiral
,13288684789.957575,1,0,spiral
,72007544255.63188,0,0,spiral
,15177736192.84471,1,0,spiral
,59064291664.11583,0,0,spiral
,19884148595.99368,1,0,spiral
,13747160400.41969,0,0,spiral
,197409932494.295,0,0,spiral
,34082072817.654297,0,0,spiral
,60053870068.13416,0,0,spiral
,49576173154.17395,1,0,spiral
,32696254111.269173,0,0,spiral
,43941815877.85554,0,0,spiral
,19948350944.156372,0,0,spiral
,8315875907.330209,1,0,spiral
,88420506835.92221,1,0,spiral
,26180142131.63725,1,0,spiral
,6865860891.766777,1,0,spiral
,72039053812.32304,0,0,spiral
,4985239184.925522,1,0,spiral
,32475062831.34261,0,0,spiral
,47275376909.07788,0,0,spiral
,23094310470.737278,0,0,spiral
,31023800571.961193,0,0,spiral
,40019623635.731255,0,0,spiral
,192843941783.0528,0,0,spiral
,7435719527.725074,0,0,spiral
,101034337950.45023,0,0,spiral
,19804733374.663357,0,0,spiral
,9965773215.600365,0,0,spiral
,32801824449.36719,1,0,spiral
,18793297987.087704,0,0,spiral
,10179489529.574488,1,0,spiral
,23641171853.681995,1,0,spiral
,108480580369.93549,0,1,spiral
,27180785293.861126,0,0,spiral
,33578477448.485523,0,0,spiral
,11079802013.649113,0,0,spiral
,23460701832.66088,0,0,spiral
,15632880208.818441,1,0,spiral
,66104800668.19385,0,0,spiral
,16035222852.686321,1,0,spiral
,31428307955.472294,0,0,spiral
,56529611398.515396,0,0,spiral
,45581540630.262726,1,0,spiral
,204206706046.72784,0,0,spiral
,17577657580.669758,1,0,spiral
,4884408743.565847,1,0,spiral
,21887643176.09527,0,0,spiral
,16222433404.83389,0,0,spiral
,8588315692.191706,1,0,spiral
,13064506220.562197,1,0,spiral
,156773624842.08362,0,1,spiral
,37246116728.28515,1,0,spiral
,27335561552.505035,0,0,spiral
,28254719488.465378,0,0,spiral
,42718107076.243935,1,0,spiral
,18064003136.974876,0,0,spiral
,21589172678.61629,1,0,spiral
,89349268232.6982,1,0,spiral
,3169801014.009056,0,0,spiral
,4172112398.577066,0,0,spiral
,25760008381.87831,0,0,spiral
,30341706287.67548,0,0,spiral
,780753608254.9183,0,0,spiral
,71807201243.3,0,0,spiral
,254213142923.01178,0,0,spiral
,16274213156.42231,0,0,spiral
,39518003922.390976,0,0,spiral
,15335078377.470009,0,0,spiral
,20199610722.21774,1,0,spiral
,20354948129.28879,0,0,spiral
,233851952330.71768,0,1,spiral
,41397489055.51476,0,0,spiral
,5862839430.033204,1,0,spiral
,19058468558.02106,0,0,spiral
,14518307814.605005,0,0,spiral
,22679840710.00376,0,0,spiral
,180640031369.74878,0,0,spiral
,24654545452.456318,1,0,spiral
,33945952563.71718,1,0,spiral
,99984113424.90837,0,0,spiral
,9854690744.636192,1,0,spiral
,26369931399.970837,1,0,spiral
,39076890686.93997,1,0,spiral
,25146120942.47921,0,0,spiral
,8889738787.013746,1,0,spiral
,26552107640.168976,1,0,spiral
,33269862041.117218,1,0,spiral
,30589191616.893585,0,1,spiral
,31428307955.472294,1,0,spiral
,33362685382.86813,0,0,spiral
,41846486521.27019,0,0,spiral
,237359161984.44598,0,0,spiral
,13833497629.369162,0,0,spiral
,5298427547.2359295,0,0,spiral
,15089887431.147926,0,0,spiral
,10041763758.702192,0,0,spiral
,44693153594.17747,1,0,spiral
,6345166168.9131,1,0,spiral
,49499521416.422455,0,0,spiral
,29133455562.674934,0,0,spiral
,5828918727.470752,0,0,spiral
,82228809001.06625,0,0,spiral
,21861099453.46306,1,0,spiral
,13540945807.684942,1,0,spiral
,4226705607.3098555,1,0,spiral
,20502555679.57395,0,0,spiral
,7438613603.487252,1,0,spiral
,9925879532.773266,0,0,spiral
,15041875855.093653,0,0,spiral
,50180963992.98854,1,0,spiral
,36251668502.195656,0,0,spiral
,6725878225.679535,1,0,spiral
,70676494386.86272,1,0,spiral
,18659199151.841976,1,0,spiral
,239665764022.8853,0,0,spiral
,22260606873.982635,0,0,spiral
,19948350944.156372,0,0,spiral
,17296610272.64544,1,0,spiral
,35173614545.01217,0,0,spiral
,6256205417.531925,1,0,spiral
,461617218711.299,0,0,spiral
,32605284948.1303,0,0,spiral
,13808738330.412403,1,0,spiral
,6622668243.3859415,0,0,spiral
,481182694765.6046,0,0,spiral
,13736338991.562357,1,0,spiral
,11382246848.913778,1,0,spiral
,18990701172.311516,0,0,spiral
,17876232726.3525,1,0,spiral
,9844802317.990412,1,0,spiral
,23546751472.23078,1,0,spiral
,6242333969.097991,0,0,spiral
,24466395959.82306,1,0,spiral
,37880787593.26423,0,0,spiral
,85639278546.89447,0,1,spiral
,22029213906.336647,1,0,spiral
,4366706473.737395,1,0,spiral
,50180963992.98854,1,0,spiral
,54766375527.092316,0,0,spiral
,13366016718.10438,0,0,spiral
,6314776731.161059,0,0,spiral
,98626585977.06895,0,0,spiral
,5129983874.967547,1,0,spiral
,13041093239.998709,0,1,spiral
,9042281017.843317,0,0,spiral
,12740544820.064585,1,0,spiral
,52943542869.18729,0,0,spiral
,15977874293.184057,0,0,spiral
,8514516668.127708,1,0,spiral
,14096100907.712475,1,0,spiral
,23938944617.44044,1,0,spiral
,252383523965.55704,0,0,spiral
,30800516547.35848,0,0,spiral
,12740544820.064585,1,0,spiral
,22332482379.53605,0,0,spiral
,39233495208.340515,1,0,spiral
,42578170820.98556,1,0,spiral
,50977085261.18279,0,0,spiral
,35401119820.76527,0,0,spiral
,6789534508.396688,0,0,spiral
,22484591411.229733,1,0,spiral
,21931685021.236126,0,0,spiral
,129225434176.14233,0,0,spiral
,19598913673.712677,0,0,spiral
,21800276402.73041,1,0,spiral
,104189750970.21678,0,0,spiral
,164607644386.46384,0,0,spiral
,192759592714.11597,0,0,spiral
,23546751472.23078,1,0,spiral
,16658120526.07669,1,0,spiral
,15856487882.664202,0,0,spiral
,51163942242.34012,0,0,spiral
,24104270922.97447,0,1,spiral
,259394641314.80948,0,0,spiral
,40878598703.570175,0,0,spiral
,52943542869.18729,0,0,spiral
,17172558321.367638,0,0,spiral
,59621513986.07109,0,1,spiral
,40602053581.97685,0,1,spiral
,62851695819.04734,1,0,spiral
,15341647504.139242,1,0,spiral
,315543326782.042,0,0,spiral
,35314657614.425575,1,0,spiral
,21355463410.834152,0,0,spiral
,68766037540.21036,0,0,spiral
,298767257120.1187,0,0,spiral
,18372869909.852295,1,0,spiral
,408785987035.7018,0,0,spiral
,6052321643.042906,0,0,spiral
,385116388257.5547,0,0,spiral
,56505015709.326965,0,0,spiral
,112993380000.14403,0,1,spiral
,17546196955.840046,1,0,spiral
,37366377756.42807,0,1,spiral
,6698954067.677531,0,0,spiral
,86442635625.64433,0,0,spiral
,10189714126.499176,0,0,spiral
,7869298148.868668,1,0,spiral
,42837389779.4298,1,0,spiral
,16658120526.07669,1,0,spiral
,13443829625.779242,0,0,spiral
,45107732884.76771,0,0,spiral
,361226830071.13525,0,0,spiral
,51163942242.34012,1,0,spiral
,6539868261.129619,1,0,spiral
,261915379100.5956,0,0,spiral
,28242361001.805714,0,0,spiral
,40162524177.383514,0,0,spiral
,31758428198.383766,0,0,spiral
,81495944989.93375,0,0,spiral
,10062015917.086435,0,0,spiral
,58475911479.91523,0,0,spiral
,10767180659.024914,0,0,spiral
,184178953079.76498,1,0,spiral
,6865860891.766777,1,0,spiral
,7533017910.28879,1,0,spiral
,369780495446.8465,0,0,spiral
,14868289204.195263,0,0,spiral
,20552752858.858997,1,0,spiral
,34526455834.75518,1,0,spiral
,14815114079.910612,0,0,spiral
,32500347158.433105,0,0,spiral
,182264462842.71454,0,0,spiral
,20084221390.371605,0,0,spiral
,19875451359.227173,1,0,spiral
,76224397454.3684,0,0,spiral
,5298427547.2359295,1,0,spiral
,16822440465.026228,0,0,spiral
,14486651080.223219,1,0,spiral
,12553447192.238047,1,0,spiral
,6340156819.56583,0,0,spiral
,5190402053.299462,1,0,spiral
,7471486223.44341,1,0,spiral
,7669393128.229164,1,0,spiral
,6958682153.418815,1,0,spiral
,11639946923.569494,1,0,spiral
,4016104456.256767,1,0,spiral
,14096100907.712475,0,0,spiral
,18921301238.610077,0,0,spiral
,25908006658.6231,1,0,spiral
,145570039550.8279,0,0,spiral
,13443829625.779242,0,0,spiral
,14486651080.223219,0,0,spiral
,38790912869.02149,0,0,spiral
,31631588339.37249,0,0,spiral
,56303967654.79558,1,0,spiral
,30701387276.347553,1,0,spiral
,74519340034.53748,0,0,spiral
,14761653264.616972,1,0,spiral
,800333507781.0269,0,0,spiral
,28151464972.401947,0,0,spiral
,21579729672.01873,0,0,spiral
,32710561563.12241,1,0,spiral
,342628906338.0629,0,0,spiral
,19740993249.4295,1,0,spiral
,6865860891.766777,1,0,spiral
,5733977705.280665,1,0,spiral
,31631588339.37249,0,0,spiral
,23009967221.422516,1,0,spiral
,4712213943.235032,0,0,spiral
,4710196224.454987,1,0,spiral
,3694094490.6913476,1,0,spiral
,2640280085.3356504,1,0,spiral
,144141487651.13712,0,0,spiral
,641608339222.6643,0,0,spiral
,26725448366.665375,1,0,spiral
,16274213156.42231,1,0,spiral
,94309403938.26353,0,0,spiral
,128753190603.72281,0,0,spiral
,18868657442.37222,1,0,spiral
,30899965888.999653,0,0,spiral
,340575968262.4699,0,0,spiral
,9094901501.887268,0,0,spiral
,35517549957.98708,1,0,spiral
,9797651778.625624,1,0,spiral
,69384426026.99496,0,0,spiral
,29017099571.345707,1,0,spiral
,17042605848.411116,0,0,spiral
,21229951401.362762,1,0,spiral
,13288684789.957575,1,0,spiral
,24398324322.077793,1,0,spiral
,7332296188.609051,0,0,spiral
,48745665054.34931,0,0,spiral
,5516479390.515452,0,0,spiral
,165754374922.25278,0,0,spiral
,43800392269.96974,1,0,spiral
,16957350620.596947,0,0,spiral
,34637935565.83988,1,0,spiral
,7465604862.868513,1,0,spiral
,7161236227.12589,1,0,spiral
,6786627303.534971,0,0,spiral
,53845696626.395645,0,0,spiral
,8650077529.376163,1,0,spiral
,74519340034.53748,0,0,spiral
,18005865428.15573,0,0,spiral
,20568754753.253773,0,0,spiral
,14454530837.995144,1,0,spiral
,13958411584.60877,1,0,spiral
,39745045637.3703,1,0,spiral
,370067545809.88605,0,0,spiral
,25574549954.548573,0,0,spiral
,40715333832.155396,1,0,spiral
,16035222852.686321,0,0,spiral
,25492240085.182297,1,0,spiral
,136839664272.44765,0,1,spiral
,18785077883.449467,0,0,spiral
,13193377833.73177,1,0,spiral
,22763026291.258694,1,0,spiral
,44658383617.45487,0,0,spiral
,2769899424.1986794,0,0,spiral
,9753556408.44205,0,0,spiral
,56895248680.7738,1,0,spiral
,12413521478.190172,0,0,spiral
,23216887662.384354,0,0,spiral
,11039743931.88124,0,0,spiral
,25076158139.690193,0,0,spiral
,26639434412.64751,0,0,spiral
,49077677223.20144,0,0,spiral
,8771401686.751894,1,0,spiral
,241124866387.4729,0,1,spiral
,24753407989.34904,0,0,spiral
,31963843821.947754,1,0,spiral
,89668313182.81827,0,0,spiral
,9571852552.522436,0,0,spiral
,154765088360.19086,0,0,spiral
,131801999874.79091,0,0,spiral
,14197928998.220963,0,0,spiral
,49327601626.38658,0,1,spiral
,12473260714.319223,1,0,spiral
,55322780570.529945,0,0,spiral
,18424172875.693333,1,0,spiral
,99705932594.33087,0,1,spiral
,24112486638.747288,0,0,spiral
,26994357800.22287,0,0,spiral
,12563365653.924099,0,0,spiral
,57842892204.08163,1,0,spiral
,24026693042.058952,1,0,spiral
,13342094120.027466,0,0,spiral
,81759080774.14056,0,0,spiral
,38652892598.29133,0,0,spiral
,6774464947.723986,1,0,spiral
,4374536051.534634,1,0,spiral
,13122633510.43738,1,0,spiral
,102364648620.19449,0,0,spiral
,42578170820.98556,1,0,spiral
,69130866428.4054,0,1,spiral
,76743570338.56343,0,0,spiral
,22763026291.258694,1,0,spiral
,13595369014.761665,1,0,spiral
,8121794562.684371,1,0,spiral
,9837052744.413067,1,0,spiral
,131801999874.79091,1,0,spiral
,15739103815.45606,1,0,spiral
,711336346481.847,0,0,spiral
,12947562019.851135,1,0,spiral
,7945678709.583802,1,0,spiral
,11681752482.464336,0,0,spiral
,224045899582.00943,0,0,spiral
,63698909873.98988,0,0,spiral
,350331347869.4803,0,0,spiral
,132815572917.80058,0,1,spiral
,42994410630.93265,1,0,spiral
,17296610272.64544,0,0,spiral
,12490648873.146065,1,0,spiral
,5270016803.90108,0,0,spiral
,55514956007.90595,0,0,spiral
,370974450319.8872,0,0,spiral
,51203777295.39625,0,0,spiral
,10096201275.982035,1,0,spiral
,30436730578.1651,1,0,spiral
,20701794825.55147,1,0,spiral
,46161721871.129906,0,0,spiral
,56870493905.0336,1,0,spiral
,28643626362.37373,1,0,spiral
,4489779369.173097,1,0,spiral
,41832228396.651985,1,0,spiral
,13046679686.398977,0,0,spiral
,27961019346.80023,0,0,spiral
,28745905928.002087,0,0,spiral
,11377373094.559069,1,0,spiral
,64575830458.81385,0,1,spiral
,41411599003.28607,0,1,spiral
,34082072817.654297,1,0,spiral
,45784239001.7982,0,0,spiral
,70748135674.6262,0,0,spiral
,19472961266.49005,0,0,spiral
,5201947921.388159,1,0,spiral
,42422572446.53411,0,0,spiral
,250761581396.90195,0,0,spiral
,10617420064.576765,0,0,spiral
,41999971916.04252,1,0,spiral
,26898310342.294937,1,0,spiral
,9666271741.32602,0,0,spiral
,11448484487.128656,1,0,spiral
,33727798919.487537,0,0,spiral
,23641171853.681995,1,0,spiral
,12463413388.220228,1,0,spiral
,18064003136.974876,0,0,spiral
,19275959271.4116,1,0,spiral
,9272183118.010584,1,0,spiral
,11572601538.769335,1,0,spiral
,31202112616.49472,0,0,spiral
,12740544820.064585,0,0,spiral
,56870493905.0336,0,1,spiral
,30899965888.999653,0,0,spiral
,75701589771.73997,0,0,spiral
,19361678303.72323,1,0,spiral
,11377373094.559069,1,0,spiral
,4087050463.012832,1,0,spiral
,21605981505.329002,0,0,spiral
,48118269476.56046,0,1,spiral
,10244930109.314121,1,0,spiral
,77679603475.62392,0,1,spiral
,26919190756.064667,0,0,spiral
,28254719488.465378,0,0,spiral
,83658293230.6675,0,0,spiral
,95300021803.56656,0,0,spiral
,4192180755.6615696,1,0,spiral
,19275959271.4116,0,0,spiral
,24357460111.00108,1,0,spiral
,23783677098.833817,1,0,spiral
,358748422456.4622,0,0,spiral
,31949862981.061104,0,0,spiral
,42059683472.15496,0,1,spiral
,9915919673.636326,0,0,spiral
,15689026624.13778,1,0,spiral
,17577657580.669758,0,0,spiral
,76530050516.19386,0,0,spiral
,44083696117.19669,1,0,spiral
,7857113015.23644,1,0,spiral
,74968530831.25003,0,0,spiral
,16822440465.026228,1,0,spiral
,97714271830.74855,1,0,spiral
,118254860470.84233,0,0,spiral
,19919801207.246693,0,0,spiral
,40864670362.07743,0,0,spiral
,31860970464.87568,1,0,spiral
,19590341197.41259,1,0,spiral
,17662248874.014786,1,0,spiral
,26381470536.00135,0,0,spiral
,36530448141.29714,0,0,spiral
,11168632477.805613,1,0,spiral
,40584294427.165474,1,0,spiral
,12636476673.215097,1,0,spiral
,14518307814.605005,1,0,spiral
,339311828867.67365,0,0,spiral
,174869472509.54633,0,1,spiral
,15219030941.739092,1,0,spiral
,485887805996.89056,0,0,spiral
,28242361001.805714,1,0,spiral
,8989944280.64885,1,0,spiral
,18181930778.336857,1,0,spiral
,18990701172.311516,0,0,spiral
,45784239001.7982,0,1,spiral
,10881956863.172,1,0,spiral
,39107224995.52644,0,1,spiral
,138448418770.2037,0,0,spiral
,140877293668.57135,0,1,spiral
,5167053996.348271,1,0,spiral
,13193377833.73177,1,0,spiral
,68021467938.87067,0,0,spiral
,16339659421.535885,1,0,spiral
,6463741802.560411,1,0,spiral
,12575984690.414595,1,0,spiral
,22412226353.580566,0,0,spiral
,464963647991.5122,0,0,spiral
,9431287848.910864,0,0,spiral
,8889738787.013746,1,0,spiral
,19400637456.641495,1,0,spiral
,11115167200.954777,1,0,spiral
,26023218007.05099,0,0,spiral
,55637678420.39882,0,0,spiral
,35731644132.1372,0,0,spiral
,20339112570.243855,1,0,spiral
,11813429666.920916,1,0,spiral
,47751058164.31546,0,0,spiral
,25401537247.382133,0,0,spiral
,43326140127.81448,0,0,spiral
,25390485193.43054,0,0,spiral
,15335078377.470009,1,0,spiral
,59429626385.45482,1,0,spiral
,27500335994.504326,1,0,spiral
,9797651778.625624,1,0,spiral
,40439986319.41665,0,0,spiral
,27690257857.12493,0,0,spiral
,20635167571.864937,0,0,spiral
,9697125136.563477,0,0,spiral
,54043068529.249084,0,0,spiral
,33945952563.71718,0,0,spiral
,7254959627.290853,1,0,spiral
,25760008381.87831,0,0,spiral
,7254959627.290853,1,0,spiral
,9965773215.600365,0,0,spiral
,85400811994.7412,0,0,spiral
,132815572917.80058,0,0,spiral
,38319779377.11503,0,0,spiral
,318609704648.7568,0,0,spiral
,4351600319.80241,1,0,spiral
,7614387947.00137,1,0,spiral
,47751058164.31546,0,0,spiral
,86375385763.26384,1,0,spiral
,11423100560.033667,1,0,spiral
,139513103564.4115,0,0,spiral
,38111408545.635605,0,0,spiral
,4123955781.7020783,1,0,spiral
,52925503705.216515,1,0,spiral
,16568301920.127743,0,0,spiral
,13169733901.57138,1,0,spiral
,8997047223.493305,0,0,spiral
,31554332678.2042,1,0,spiral
,21441047551.945415,1,0,spiral
,122231178764.46439,1,0,spiral
,22623667013.53029,1,0,spiral
,29120712720.82622,0,0,spiral
,18724619446.864193,0,0,spiral
,31529784322.930676,1,0,spiral
,13540945807.684942,1,0,spiral
,15856487882.664202,1,0,spiral
,4950305482.519238,1,0,spiral
,156705413593.95782,0,1,spiral
,32068895319.507675,0,1,spiral
,25401537247.382133,1,0,spiral
,4173899617.0150924,1,0,spiral
,212676252918.27866,0,0,spiral
,68766037540.21036,0,0,spiral
,23395428287.712738,1,0,spiral
,31631588339.37249,1,0,spiral
,35747279830.84194,1,0,spiral
,8307531563.399429,1,0,spiral
,45601381513.27085,0,0,spiral
,55045395947.7781,0,0,spiral
,23385195233.071766,1,0,spiral
,101483631578.71617,0,1,spiral
,33511047239.52438,1,0,spiral
,17775793644.84668,1,0,spiral
,36766729506.89692,0,0,spiral
,69408075061.02382,0,0,spiral
,23395428287.712738,1,0,spiral
,33437130486.0013,0,0,spiral
,20987997316.59969,0,0,spiral
,249026176180.29773,0,0,spiral
,20822026746.234913,0,0,spiral
,70363429705.65225,0,0,spiral
,37758870973.66238,0,0,spiral
,45162502643.84638,1,0,spiral
,419999719160.42523,0,0,spiral
,17775793644.84668,0,0,spiral
,19732358628.16478,1,0,spiral
,9339163959.587524,0,0,spiral
,192567946849.03824,0,0,spiral
,34792849620.717125,0,0,spiral
,19875451359.227173,1,0,spiral
,74221717541.24055,1,0,spiral
,16974383112.698097,0,0,spiral
,53695760781.06067,0,0,spiral
,10585539571.53476,0,0,spiral
,17736380615.948082,0,0,spiral
,29017099571.345707,1,0,spiral
,32924030853.56481,1,0,spiral
,6314776731.161059,1,0,spiral
,41563393605.40986,1,0,spiral
,29321892688.832363,1,0,spiral
,22019629129.705406,0,0,spiral
,40002119233.14715,0,0,spiral
,362675317567.4248,0,0,spiral
,27114400086.883064,0,0,spiral
,54236043451.64403,0,1,spiral
,33945952563.71718,1,0,spiral
,275003359945.0433,0,0,spiral
,31847034620.33067,0,0,spiral
,13046679686.398977,0,0,spiral
,20264831640.98525,0,0,spiral
,12140735566.94001,1,0,spiral
,23395428287.712738,0,0,spiral
,5267760240.000464,0,0,spiral
,103854423669.95479,0,0,spiral
,22090726561.35935,1,0,spiral
,13833497629.369162,1,0,spiral
,458790059952.8976,0,0,spiral
,8625931400.35791,0,0,spiral
,13595369014.761665,0,0,spiral
,8147718201.537631,0,0,spiral
,22117549096.97047,0,0,spiral
,5251011869.781231,1,0,spiral
,13041093239.998709,1,0,spiral
,79519016496.29424,0,0,spiral
,26023218007.05099,0,0,spiral
,6786627303.534971,0,0,spiral
,30123331421.65907,0,0,spiral
,39233495208.340515,0,0,spiral
,8676148964.634676,1,0,spiral
,160282460250.09732,0,0,spiral
,7849229004.696478,0,0,spiral
,220292139063.3665,0,0,spiral
,11733727551.505138,0,0,spiral
,6593788306.326079,0,0,spiral
,11250530464.714222,0,0,spiral
,11660844393.28819,0,0,spiral
,352871838354.5778,0,0,spiral
,319747383997.878,0,0,spiral
,8673632155.767736,0,0,spiral
,24913514676.799168,1,0,spiral
,125684869921.4288,0,0,spiral
,19338197885.367764,1,0,spiral
,24200926907.89174,1,0,spiral
,12649169144.69478,0,0,spiral
,195272910781.46854,0,1,spiral
,47550052414.80558,0,1,spiral
,2496588697.196096,1,0,spiral
,23084262277.08608,1,0,spiral
,5109448192.969915,1,0,spiral
,87343984521.65842,0,1,spiral
,70136970013.59401,0,0,spiral
,51141681123.08041,0,0,spiral
,25760008381.87831,1,0,spiral
,69562951422.05098,1,0,spiral
,132285121333.79388,0,0,spiral
,13169733901.57138,1,0,spiral
,14402802320.278969,1,0,spiral
,8893546907.11013,1,0,spiral
,12575984690.414595,0,0,spiral
,13419767757.57017,0,0,spiral
,23794084523.91152,0,0,spiral
,20157840291.073288,0,0,spiral
,8677347701.714853,1,0,spiral
,20775668165.039856,1,0,spiral
,13419767757.57017,0,0,spiral
,11792285900.921518,0,0,spiral
,44837459768.19811,0,0,spiral
,457642131824.9543,0,1,spiral
,29017099571.345707,0,1,spiral
,9127839604.455511,0,0,spiral
,56178352651.74313,0,0,spiral
,23142165761.354584,0,0,spiral
,58475911479.91523,0,0,spiral
,10704860199.910149,0,0,spiral
,51908681765.81655,0,0,spiral
,60739050702.82688,0,1,spiral
,19409126921.073364,1,0,spiral
,72795578217.66849,0,0,spiral
,13958411584.60877,1,0,spiral
,18724619446.864193,0,0,spiral
,14204011001.307951,1,0,spiral
,16920375626.591446,0,0,spiral
,7465604862.868513,1,0,spiral
,56153780494.086716,0,0,spiral
,11095247642.63069,0,0,spiral
,12525613308.31421,1,0,spiral
,9736099419.22075,1,0,spiral
,25410195124.274017,1,0,spiral
,14676246584.851177,1,0,spiral
,6725878225.679535,1,0,spiral
,35314657614.425575,0,0,spiral
,13366016718.10438,0,0,spiral
,19535835964.541912,0,0,spiral
,3615147321.487825,1,0,spiral
,25605661503.794014,0,0,spiral
,19198973094.985527,1,0,spiral
,19472961266.49005,0,0,spiral
,88135931725.90431,0,0,spiral
,88420506835.92221,0,0,spiral
,10062015917.086435,0,0,spiral
,503820691912.6284,0,0,spiral
,9854690744.636192,0,0,spiral
,107346527445.37836,0,0,spiral
,57868203494.86269,0,0,spiral
,17876232726.3525,1,0,spiral
,14676246584.851177,0,0,spiral
,32933281019.443653,0,0,spiral
,42718107076.243935,1,0,spiral
,77930416977.81699,0,0,spiral
,245561343047.76843,0,0,spiral
,25410195124.274017,0,0,spiral
,27190049610.843376,1,0,spiral
,29026989778.91065,1,0,spiral
,28073140550.25384,0,0,spiral
,10829838992.353477,0,0,spiral
,46217771382.46308,0,1,spiral
,19338197885.367764,0,1,spiral
,33593170949.69714,0,0,spiral
,28923710100.979527,0,0,spiral
,32605284948.1303,0,0,spiral
,22188962694.629715,0,0,spiral
,82256835923.15193,0,0,spiral
,161203697901.9371,0,0,spiral
,18845731529.4789,0,0,spiral
,28539016332.01054,1,0,spiral
,43272501335.37023,0,0,spiral
,15542432860.552114,1,0,spiral
,389681689957.1006,0,1,spiral
,23301989380.50407,0,0,spiral
,8932520056.249561,1,0,spiral
,10873390868.380766,1,0,spiral
,24200926907.89174,0,0,spiral
,13264900601.152124,0,0,spiral
,5459878772.156738,1,0,spiral
,8242842468.737801,1,0,spiral
,41397489055.51476,1,0,spiral
,33511047239.52438,0,0,spiral
,23309931646.101036,1,0,spiral
,8242842468.737801,1,0,spiral
,21286732371.315247,1,0,spiral
,204776445375.3664,0,0,spiral
,7991936048.391818,1,0,spiral
,65254129426.33946,0,1,spiral
,14532890456.00383,1,0,spiral
,16618238976.69027,1,0,spiral
,39107224995.52644,1,0,spiral
,15856487882.664202,1,0,spiral
,11665839578.966734,1,0,spiral
,145550599979.55655,0,0,spiral
,2674835016.7940154,1,0,spiral
,6314776731.161059,0,0,spiral
,109888437953.05453,0,0,spiral
,9006063401.21756,1,0,spiral
,29120712720.82622,0,0,spiral
,13093537609.34255,1,0,spiral
,24357460111.00108,0,0,spiral
,22029213906.336647,0,0,spiral
,11423100560.033667,0,0,spiral
,5852346075.563268,1,0,spiral
,4985239184.925522,1,0,spiral
,37229825445.09267,0,0,spiral
,17704635907.426224,1,0,spiral
,32827287597.72815,1,0,spiral
,77964518305.90852,0,0,spiral
,18358618622.38487,0,0,spiral
,7119803374.164672,1,0,spiral
,25202231700.51559,0,0,spiral
,51369105105.19901,1,0,spiral
,8147718201.537631,1,0,spiral
,22484591411.229733,0,0,spiral
,38652892598.29133,1,0,spiral
,14868289204.195263,1,0,spiral
,38777695853.31196,0,0,spiral
,13619777099.623737,0,0,spiral
,14808770409.129242,0,0,spiral
,70136970013.59401,0,1,spiral
,23872285513.324062,1,0,spiral
,11983895132.769018,1,0,spiral
,13288684789.957575,1,0,spiral
,201433639671.5972,0,0,spiral
,30288028132.03493,1,0,spiral
,4306951685.861302,1,0,spiral
,16943963218.123795,1,0,spiral
,23554777162.702286,1,0,spiral
,11813429666.920916,1,0,spiral
,26107242308.85786,0,0,spiral
,25585741042.09327,1,0,spiral
,130489029164.7488,0,0,spiral
,19662195049.488827,1,0,spiral
,16157493876.416456,1,0,spiral
,54790340574.536705,0,0,spiral
,14702561340.628536,1,0,spiral
,6617455050.355476,1,0,spiral
,40602053581.97685,1,0,spiral
,37637346734.02619,1,0,spiral
,27423823176.15698,1,0,spiral
,11275530913.900097,1,0,spiral
,20420670604.672783,0,0,spiral
,66769942156.532524,0,0,spiral
,27411828119.79063,0,0,spiral
,49980546442.15256,1,0,spiral
,34526455834.75518,0,0,spiral
,17648304972.07233,0,0,spiral
,10462633198.830206,1,0,spiral
,30220594254.031143,0,1,spiral
,8424691371.975815,1,0,spiral
,31963843821.947754,1,0,spiral
,7241974645.535381,1,0,spiral
,13989461583.670301,1,0,spiral
,9309470927.17778,1,0,spiral
,22918067805.62048,1,0,spiral
,30039520773.471123,0,0,spiral
,18625802775.706898,1,0,spiral
,15598218512.595549,0,0,spiral
,46047281947.04428,0,0,spiral
,9160622781.10334,0,0,spiral
,24822470315.079624,0,0,spiral
,38528491013.667076,0,1,spiral
,6765034254.917345,1,0,spiral
,42994410630.93265,0,0,spiral
,22770784856.317062,0,0,spiral
,201578402910.7329,0,0,spiral
,10908072103.220493,1,0,spiral
,57785383516.9187,0,0,spiral
,76836929219.64226,1,0,spiral
,16852603382.353691,1,0,spiral
,16725110663.28109,1,0,spiral
,221003422855.14526,0,0,spiral
,116431904135.48024,0,1,spiral
,29652888188.375423,0,0,spiral
,28367953083.69297,0,0,spiral
,356166443778.5065,0,0,spiral
,45454616711.4679,0,0,spiral
,148578852536.00983,0,0,spiral
,25045689950.89799,1,0,spiral
,20502555679.57395,1,0,spiral
,23470967927.999252,1,0,spiral
,38234463445.80436,0,0,spiral
,11179850600.772758,1,0,spiral
,68491393138.67108,0,0,spiral
,12053661746.504305,0,0,spiral
,29629819101.74463,0,0,spiral
,10632637312.296734,0,0,spiral
,10908072103.220493,1,0,spiral
,13833497629.369162,0,0,spiral
,38528491013.667076,1,0,spiral
,68908373653.5562,0,0,spiral
,58854137560.408806,0,0,spiral
,27423823176.15698,1,0,spiral
,19213920968.006012,1,0,spiral
,8838284964.498688,1,0,spiral
,56323158336.67151,0,0,spiral
,11510203446.752474,0,0,spiral
,46047281947.04428,0,0,spiral
,7310279802.688447,1,0,spiral
,31414561355.554283,0,0,spiral
,36603953923.853134,1,0,spiral
,72505007198.53506,0,0,spiral
,24477102133.717663,0,0,spiral
,33485053719.19314,0,0,spiral
,4251312209.2711515,1,0,spiral
,15150570965.513592,0,0,spiral
,87632459336.5926,0,0,spiral
,87244488340.7117,0,0,spiral
,23301989380.50407,0,0,spiral
,16245085446.307234,0,0,spiral
,15764710505.085999,0,0,spiral
,31974738399.7878,0,0,spiral
,14014544922.445091,0,0,spiral
,14918082343.415398,1,0,spiral
,73450202928.77406,0,0,spiral
,814602990317.6399,0,1,spiral
,34511354118.95108,1,0,spiral
,70167661031.53712,1,0,spiral
,46027141073.94559,0,0,spiral
,3418566244.3779206,1,0,spiral
,54220809852.59156,1,0,spiral
,69214805049.50294,0,0,spiral
,8634595555.020325,1,0,spiral
,14070871599.416754,1,0,spiral
,10679231473.664043,0,0,spiral
,30016150897.907158,0,0,spiral
,3438468103.3359356,1,0,spiral
,11660844393.28819,0,0,spiral
,21114509645.233772,0,0,spiral
,111180084556.64766,0,0,spiral
,92723966203.74911,0,0,spiral
,36603953923.853134,1,0,spiral
,40584294427.165474,0,1,spiral
,10090089070.531452,0,0,spiral
,36106883108.75541,1,0,spiral
,9393533748.15467,1,0,spiral
,9262879193.109823,1,0,spiral
,21958314448.78619,0,0,spiral
,12221035340.967543,0,0,spiral
,13246404110.041,0,1,spiral
,22657291909.02585,0,0,spiral
,29227522263.50398,0,1,spiral
,19884148595.99368,1,0,spiral
,474649469704.2029,0,1,spiral
,69384426026.99496,1,0,spiral
,12167714191.954443,1,0,spiral
,18617655933.717438,1,0,spiral
,44083696117.19669,0,0,spiral
,28946229427.59817,0,0,spiral
,76038230191.46268,1,0,spiral
,118162861620.56512,0,0,spiral
,17428499568.137478,1,0,spiral
,10383146937.686342,1,0,spiral
,15977874293.184057,0,0,spiral
,27472994550.13112,0,0,spiral
,12872651150.224646,0,0,spiral
,271807852938.61127,0,0,spiral
,233954282877.12738,0,0,spiral
,35862701383.56733,1,0,spiral
,64083024385.36096,0,0,spiral
,322763190650.38007,0,0,spiral
,47428020618.87467,0,0,spiral
,46496364799.15122,0,0,spiral
,52076285585.678925,1,0,spiral
,113130576436.4159,0,0,spiral
,11341173645.350517,1,0,spiral
,21675743343.02132,1,0,spiral
,12162504109.02292,1,0,spiral
,354011198207.6527,0,0,spiral
,17296610272.64544,0,0,spiral
,19409126921.073364,0,0,spiral
,61596211283.37063,0,0,spiral
,9858912223.665783,0,0,spiral
,31010302305.522873,1,0,spiral
,17172558321.367638,0,0,spiral
,13833497629.369162,1,0,spiral
,79775769133.09987,0,0,spiral
,7087759944.523433,1,0,spiral
,38374612227.92983,0,0,spiral
,18990701172.311516,1,0,spiral
,39093990221.65043,1,0,spiral
,64110918655.10386,0,0,spiral
,13619777099.623737,0,0,spiral
,46703238876.83861,1,0,spiral
,23019983075.677296,1,0,spiral
,102022274140.60681,0,0,spiral
,18159839256.32319,0,0,spiral
,17997989743.961437,0,0,spiral
,11357009785.919514,1,0,spiral
,25056649616.243267,0,0,spiral
,38968168995.71006,0,0,spiral
,28039030949.352844,1,0,spiral
,23889441681.3907,1,0,spiral
,63716953104.67172,1,0,spiral
,9973647159.56943,0,0,spiral
,15764710505.085999,1,0,spiral
,31327158182.4824,0,0,spiral
,215797296720.1873,0,1,spiral
,8673632155.767736,1,0,spiral
,13093537609.34255,0,0,spiral
,19137182566.111183,1,0,spiral
,11035423386.085142,0,0,spiral
,292147382773.05286,0,0,spiral
,30800516547.35848,0,1,spiral
,179979897439.61435,0,1,spiral
,20330263146.397305,0,0,spiral
,48118269476.56046,1,0,spiral
,8302387509.912598,1,0,spiral
,7553530723.252061,0,0,spiral
,32276319065.038006,0,1,spiral
,40309833100.80498,1,0,spiral
,144678500856.87302,1,0,spiral
,27314295278.75951,1,0,spiral
,41397489055.51476,0,0,spiral
,23395428287.712738,1,0,spiral
,19415742340.834187,0,0,spiral
,57098408058.98104,0,0,spiral
,20077378203.39824,0,0,spiral
,39662948861.30621,1,0,spiral
,37910193400.12738,0,1,spiral
,135522685813.56337,0,0,spiral
,5670064509.768751,0,0,spiral
,18860404376.848686,1,0,spiral
,16442959988.42219,1,0,spiral
,464963647991.5122,0,0,spiral
,28911059000.84821,0,0,spiral
,18226446284.271454,0,0,spiral
,27589129645.265327,0,0,spiral
,13041093239.998709,0,0,spiral
,33229438287.52177,1,0,spiral
,33470407507.96971,0,0,spiral
,50707943762.092316,0,0,spiral
,26191537910.05956,1,0,spiral
,10628084532.59601,0,0,spiral
,50707943762.092316,0,0,spiral
,18551413256.70151,1,0,spiral
,9376721130.220816,1,0,spiral
,8673632155.767736,0,0,spiral
,22162053553.863663,0,0,spiral
,8364269162.818471,0,0,spiral
,9309470927.17778,1,0,spiral
,6278862896.086025,0,0,spiral
,6126042423.2633505,0,0,spiral
,33470407507.96971,1,0,spiral
,23019983075.677296,0,0,spiral
,9627576983.716549,0,0,spiral
,15863280366.854137,1,0,spiral
,5942114280.117723,0,0,spiral
,224845914112.29733,0,0,spiral
,83389044966.30045,0,0,spiral
,11639946923.569494,1,0,spiral
,19804733374.663357,1,0,spiral
,338366999306.8946,0,1,spiral
,23707131026.330635,1,0,spiral
,15535777759.776173,0,0,spiral
,19424193689.054848,1,0,spiral
,24965082179.824287,0,0,spiral
,6264941210.803326,1,0,spiral
,11423100560.033667,1,0,spiral
,12282478143.881153,1,0,spiral
,22679840710.00376,1,0,spiral
,90902536137.42279,0,0,spiral
,23812555213.103844,0,0,spiral
,12791780542.859295,1,0,spiral
,34152617958.15041,0,0,spiral
,136505452830.89719,0,0,spiral
,203460449669.33325,0,0,spiral
,41730059121.17164,0,0,spiral
,4682944383.935195,0,0,spiral
,17926148921.341434,0,0,spiral
,36106883108.75541,0,0,spiral
,10927655620.908606,1,0,spiral
,265404938682.39975,0,0,spiral
,7871200950.384958,0,0,spiral
,277813278723.7675,0,0,spiral
,21909880053.248146,1,0,spiral
,5818486084.5315075,0,0,spiral
,84264956320.46667,0,1,spiral
,13103852622.967838,0,0,spiral
,19022517836.945625,1,0,spiral
,25319842508.128548,0,0,spiral
,9610323344.812157,1,0,spiral
,51741617366.92317,0,0,spiral
,47005318528.77906,1,0,spiral
,151002104482.41568,0,1,spiral
,46496364799.15122,0,0,spiral
,43133231868.71683,0,0,spiral
,48273634735.22418,0,0,spiral
,5968153711.681009,1,0,spiral
,11572601538.769335,1,0,spiral
,37788182140.028404,0,0,spiral
,28573668373.88637,1,0,spiral
,9058493979.057827,0,0,spiral
,14880036619.431084,1,0,spiral
,66799159807.257805,1,0,spiral
,16047892260.623066,0,0,spiral
,47771953400.91663,0,0,spiral
,73687360455.44884,0,0,spiral
,33727798919.487537,1,0,spiral
,36486146702.56792,0,0,spiral
,48097222762.87233,0,0,spiral
,20559758072.846886,0,0,spiral
,12999630256.169546,0,0,spiral
,15507971706.933521,0,0,spiral
,11728703296.93487,0,0,spiral
,70394219819.38594,1,0,spiral
,10704860199.910149,0,0,spiral
,6915458827.315251,1,0,spiral
,49416615768.28614,1,0,spiral
,29534457637.165646,1,0,spiral
,45536222450.95624,0,0,spiral
,419816013180.6711,0,1,spiral
,7465604862.868513,0,0,spiral
,10829838992.353477,1,0,spiral
,13449588593.393122,0,0,spiral
,9571852552.522436,0,0,spiral
,14835322782.341652,1,0,spiral
,23185208191.756756,0,0,spiral
,44098620092.63185,0,0,spiral
,170349161419.15778,0,0,spiral
,76743570338.56343,0,0,spiral
,38016050860.96919,0,0,spiral
,6943253152.256418,1,0,spiral
,364861467025.6792,0,0,spiral
,9516472566.889147,0,0,spiral
,13736338991.562357,1,0,spiral
,5459878772.156738,0,0,spiral
,10041763758.702192,1,0,spiral
,4116574694.371925,1,0,spiral
,5052647493.4314575,1,0,spiral
,10519037418.679865,0,0,spiral
,19338197885.367764,0,0,spiral
,65910559760.34394,1,0,spiral
,320460126656.17725,0,0,spiral
,32158441996.167824,0,0,spiral
,17379849044.747643,0,1,spiral
,205597580728.46884,0,1,spiral
,24279067358.69864,0,0,spiral
,35696118938.53239,1,0,spiral
,7666109177.472122,0,0,spiral
,35731644132.1372,1,0,spiral
,20143363967.15972,1,0,spiral
,54747715279.31345,1,0,spiral
,153266768229.2674,1,0,spiral
,7332296188.609051,1,0,spiral
,26455075177.11554,1,0,spiral
,43800392269.96974,1,0,spiral
,46646493218.61677,1,0,spiral
,3889475140.0549345,1,0,spiral
,26552107640.168976,1,0,spiral
,11443582370.537436,0,0,spiral
,14954847888.022291,0,0,spiral
,114229953498.73903,0,0,spiral
,8275971758.888443,1,0,spiral
,29039691608.82954,1,0,spiral
,16835731852.53615,0,0,spiral
,8838284964.498688,0,0,spiral
,7080647920.806963,0,0,spiral
,14987527742.371614,0,0,spiral
,113862312521.01286,0,1,spiral
,7024315340.682226,1,0,spiral
,26003032572.632435,0,0,spiral
,20273652583.590714,0,0,spiral
,27789133170.953247,0,0,spiral
,13419767757.57017,1,0,spiral
,18424172875.693333,1,0,spiral
,72998846900.29695,0,1,spiral
,4140540147.459843,1,0,spiral
,58664719706.218704,0,0,spiral
,8147718201.537631,0,0,spiral
,57041639554.477844,0,0,spiral
,30701387276.347553,1,0,spiral
,31974738399.7878,1,0,spiral
,7888691997.585718,1,0,spiral
,19137182566.111183,1,0,spiral
,43659423823.90363,1,0,spiral
,40019623635.731255,1,0,spiral
,39518003922.390976,1,0,spiral
,17868454886.506798,0,0,spiral
,25835924099.064114,1,0,spiral
,21658880243.622936,0,0,spiral
,24104270922.97447,1,0,spiral
,29906459377.65292,0,0,spiral
,16822440465.026228,1,0,spiral
,62426501942.205696,0,0,spiral
,39921881389.894,0,0,spiral
,13958411584.60877,0,0,spiral
,59475896907.55332,1,0,spiral
,32663746769.788902,0,0,spiral
,6417383598.812733,1,0,spiral
,3483461379.8714576,1,0,spiral
,29227522263.50398,0,0,spiral
,11159840819.3904,1,0,spiral
,10230668202.369146,1,0,spiral
,30220594254.031143,0,0,spiral
,159766602556.0869,0,1,spiral
,49060955254.50108,1,0,spiral
,32841652388.116016,1,0,spiral
,77463479374.76854,0,0,spiral
,31529784322.930676,0,0,spiral
,305350053201.8295,0,0,spiral
,15507971706.933521,0,0,spiral
,34792849620.717125,0,0,spiral
,10519037418.679865,0,0,spiral
,15335078377.470009,1,0,spiral
,57842892204.08163,1,0,spiral
,9854690744.636192,1,0,spiral
,21870665583.785656,0,1,spiral
,85059925891.71535,0,0,spiral
,12553447192.238047,1,0,spiral
,10670800488.598,0,0,spiral
,27948789323.2557,0,0,spiral
,19118155954.483753,0,0,spiral
,12341671995.74433,1,0,spiral
,71983009518.67284,0,0,spiral
,22188962694.629715,0,0,spiral
,7024315340.682226,0,0,spiral
,80068372322.43661,0,1,spiral
,19338197885.367764,1,0,spiral
,11983895132.769018,0,0,spiral
,22412226353.580566,0,0,spiral
,36368718635.44227,1,0,spiral
,17397265848.718575,0,0,spiral
,8133116626.501512,1,0,spiral
,36239316669.3395,0,1,spiral
,12746002519.770966,0,1,spiral
,14591300445.81869,0,0,spiral
,100385040836.90297,0,0,spiral
,6306378021.674396,1,0,spiral
,373954703473.27344,0,0,spiral
,18109314037.92165,0,1,spiral
,24723331950.441143,1,0,spiral
,70167661031.53712,0,1,spiral
,15335078377.470009,0,0,spiral
,22494430373.45339,1,0,spiral
,298232521217.76654,0,1,spiral
,9452245654.710688,1,0,spiral
,10519037418.679865,0,0,spiral
,29735620126.692738,0,0,spiral
,8822466135.048285,1,0,spiral
,241042709229.7447,0,0,spiral
,8424691371.975815,1,0,spiral
,52430862256.29005,0,0,spiral
,10685700559.949118,0,0,spiral
,7755610679.57929,1,0,spiral
,13989461583.670301,1,0,spiral
,24753407989.34904,1,0,spiral
,24833332302.44071,1,0,spiral
,10500186188.141771,1,0,spiral
,25308767723.40137,0,1,spiral
,34167562695.71684,1,0,spiral
,30136512996.2978,0,0,spiral
,107776977483.50015,0,1,spiral
,55144728137.55137,1,0,spiral
,9679769148.460505,0,0,spiral
,21182684608.470703,0,0,spiral
,4045116184.446049,1,0,spiral
,298767257120.1187,0,0,spiral
,34067165472.97432,0,0,spiral
,6501356782.863992,1,0,spiral
,21870665583.785656,1,0,spiral
,20477644537.53664,0,1,spiral
,21958314448.78619,0,0,spiral
,41411599003.28607,0,0,spiral
,10171453078.223524,0,0,spiral
,3972885054.393088,1,0,spiral
,24279067358.69864,1,0,spiral
,5733977705.280665,0,0,spiral
,495761731541.7395,0,0,spiral
,12092107515.516874,0,0,spiral
,350450755039.6702,0,0,spiral
,8246373476.207038,0,0,spiral
,40999069477.1865,0,1,spiral
,4868867993.978311,1,0,spiral
,40471378761.411934,0,0,spiral
,6002884675.752732,1,0,spiral
,10685700559.949118,0,0,spiral
,49576173154.17395,0,1,spiral
,61397968260.005264,1,0,spiral
,113446212195.47185,1,0,spiral
,11785146891.68545,1,0,spiral
,11423100560.033667,0,0,spiral
,17304019665.73966,1,0,spiral
,28745905928.002087,1,0,spiral
,35236681424.626625,0,0,spiral
,19222328727.75201,0,0,spiral
,3157112080.2412333,1,0,spiral
,26211930031.083633,0,0,spiral
,11882203882.259916,0,0,spiral
,167365138020.16495,0,0,spiral
,202894371770.15668,0,0,spiral
,13093537609.34255,1,0,spiral
,159128877770.25726,0,1,spiral
,28447165538.53392,1,0,spiral
,20987997316.59969,1,0,spiral
,16665256407.68835,1,0,spiral
,21870665583.785656,0,0,spiral
,23291850827.025707,0,0,spiral
,38032598612.69371,0,0,spiral
,10383146937.686342,1,0,spiral
,7792934033.675548,0,0,spiral
,4649358127.472487,0,0,spiral
,21260378890.111683,0,1,spiral
,4515917507.026894,0,0,spiral
,17933951874.436485,1,0,spiral
,26107242308.85786,1,0,spiral
,12636476673.215097,1,0,spiral
,68766037540.21036,1,0,spiral
,23193804917.40746,0,0,spiral
,10130736044.611103,1,0,spiral
,128394966999.24493,0,0,spiral
,17933951874.436485,1,0,spiral
,14702561340.628536,0,0,spiral
,42271630524.80335,1,0,spiral
,94309403938.26353,0,0,spiral
,6287427640.926186,1,0,spiral
,75734541408.85966,0,0,spiral
,6789534508.396688,0,0,spiral
,28355610360.3008,0,0,spiral
,16274213156.42231,1,0,spiral
,89022748783.23932,1,0,spiral
,6489720605.194093,1,0,spiral
,7297179006.068623,1,0,spiral
,33836699930.68946,0,1,spiral
,65698431313.37692,1,0,spiral
,19868679305.325294,1,0,spiral
,15626186379.471302,0,0,spiral
,21658880243.622936,1,0,spiral
,33136985672.543198,1,0,irregular
,62830280704.279976,0,0,irregular
,26859813942.98167,1,0,irregular
,5370070657.115252,1,0,irregular
,4226705607.3098555,1,0,irregular
,206261418427.91217,0,0,irregular
,8330786412.023016,1,0,irregular
,29004407623.08195,0,0,irregular
,6915458827.315251,1,0,irregular
,63054632667.86989,0,0,irregular
,241662909573.75082,0,0,irregular
,74428797085.0077,0,0,irregular
,2987782643.153981,1,0,irregular
,28745905928.002087,0,0,irregular
,27789133170.953247,0,0,irregular
,24319800051.219643,1,0,irregular
,27402488237.429165,0,0,irregular
,4732863726.578479,0,0,irregular
,24279067358.69864,1,0,irregular
,15764710505.085999,1,0,irregular
,6148228503.41309,1,0,irregular
,4884408743.565847,1,0,irregular
,15507971706.933521,0,0,irregular
,2337771178.084033,1,0,irregular
,86683811687.58931,0,0,irregular
,105842721939.18462,0,0,irregular
,33030336641.895542,0,0,irregular
,304803535361.1316,0,0,irregular
,100385040836.90297,0,0,irregular
,17712220087.503155,0,0,irregular
,23878992547.523106,0,0,irregular
,185433416499.2454,0,0,irregular
,253198425081.28546,0,0,irregular
,6549000144.330121,0,0,irregular
,19939625625.572823,0,0,irregular
,7857113015.23644,1,0,irregular
,27948789323.2557,1,0,irregular
,5963442004.200993,1,0,irregular
,189295809518.01404,0,0,irregular
,134210656269.28648,0,0,irregular
,3326411703.556659,1,0,irregular
,64547585282.301384,0,0,irregular
,2943913194.10013,1,0,irregular
,5014261740.007961,1,0,irregular
,261915379100.5956,0,0,irregular
,4994177802.226927,1,0,irregular
,60590704199.627716,0,0,irregular
,30233818389.609314,0,0,irregular
,4024880587.5598135,1,0,irregular
,463467195573.2169,0,0,irregular
,7553530723.252061,1,0,irregular
,403098331008.0498,0,1,irregular
,198754513592.27173,0,0,irregular
,45981379868.78858,0,0,irregular
,4475504519.208117,1,0,irregular
,12401065461.07774,1,0,irregular
,36368718635.44227,1,0,irregular
,6139655453.581693,0,0,irregular
,3044507161.715811,1,0,irregular
,202084032752.47052,0,0,irregular
,59860590960.23046,0,0,irregular
,23301989380.50407,0,0,irregular
,209879973165.9969,0,0,irregular
,6017304650.898404,1,0,irregular
,5692853397.586203,1,0,irregular
,51701363889.89684,0,1,irregular
,21658880243.622936,0,0,irregular
,13778121176.897657,0,0,irregular
,43518909074.75092,0,0,irregular
,7811636032.362959,1,0,irregular
,11813429666.920916,1,0,irregular
,10462633198.830206,1,0,irregular
,131859371083.0387,0,0,irregular
,18807930010.923347,0,0,irregular
,73450202928.77406,0,0,irregular
,4299233171.712621,1,0,irregular
,91235950309.18967,0,0,irregular
,5220619004.563765,1,0,irregular
,5041444610.136806,1,0,irregular
,3092744192.06302,1,0,irregular
,36150807286.265236,0,0,irregular
,2847967309.973034,1,0,irregular
,3683782666.1007667,1,0,irregular
,15252885144.532381,0,0,irregular
,13933428713.707642,1,0,irregular
,8507794671.039158,1,0,irregular
,16605157529.088177,0,0,irregular
,12801857834.003069,0,0,irregular
,5367771251.242459,1,0,irregular
,22707430833.09027,0,0,irregular
,119019740765.02234,0,0,irregular
,55243603558.11313,0,0,irregular
,17265652668.418816,0,0,irregular
,2094845508.6878967,1,0,irregular
,5220619004.563765,1,0,irregular
,6660180510.670622,0,0,irregular
,201490697376.89966,0,0,irregular
,189635220072.90927,0,0,irregular
,14255025548.226183,0,0,irregular
,10171453078.223524,0,0,irregular
,3188247295.799129,1,0,irregular
,7755610679.57929,1,0,irregular
,55594393920.91726,0,0,irregular
,5331544028.358728,1,0,irregular
,2104020660.153254,1,0,irregular
,410285340597.096,0,0,irregular
,48467207721.761696,1,0,irregular
,3861579675.396557,1,0,irregular
,6813903834.165734,1,0,irregular
,296528881883.7542,0,0,irregular
,5777700161.183631,1,0,irregular
,4398250897.613393,1,0,irregular
,10189714126.499176,1,0,irregular
,8584638268.783125,1,0,irregular
,10189714126.499176,1,0,irregular
,16658120526.07669,1,0,irregular
,4110844034.95339,1,0,irregular
,31010302305.522873,0,0,irregular
,23094310470.737278,0,0,irregular
,21433791414.08221,0,0,irregular
,12463413388.220228,0,0,irregular
,145550599979.55655,0,0,irregular
,4489779369.173097,1,0,irregular
,2606615659.517672,1,0,irregular
,13169733901.57138,0,0,irregular
,6996196518.166775,1,0,irregular
,7786781707.956173,1,0,irregular
,4000018500.595947,1,0,irregular
,107084348800.95062,1,0,irregular
,266469188907.27606,0,0,irregular
,294394030866.75323,0,0,irregular
,10401764093.938475,1,0,irregular
,8957792538.24797,0,0,irregular
,5894622534.122342,1,0,irregular
,3839237686.134608,1,0,irregular
,344153348932.53046,0,0,irregular
,9006063401.21756,0,0,irregular
,6380239772.136188,1,0,irregular
,2158609082.235971,1,0,irregular
,80873827990.12918,0,0,irregular
,3424695790.8739834,1,0,irregular
,269674573156.63165,0,0,irregular
,8364269162.818471,1,0,irregular
,4570923995.720696,1,0,irregular
,3789640386.015604,1,0,irregular
,3296636023.4550953,1,0,irregular
,10424878450.67837,1,0,irregular
,135086515691.88695,0,0,irregular
,25824623582.580532,0,0,irregular
,52966710268.97452,1,0,irregular
,6006534833.404874,1,0,irregular
,9679769148.460505,0,0,irregular
,31010302305.522873,0,0,irregular
,13193377833.73177,1,0,irregular
,4884408743.565847,1,0,irregular
,33229438287.52177,0,0,irregular
,16245085446.307234,1,0,irregular
,3151454200.599743,1,0,irregular
,32801824449.36719,0,0,irregular
,188079300109.23346,0,0,irregular
,5220619004.563765,1,0,irregular
,342778836252.48914,0,0,irregular
,4668044634.584988,1,0,irregular
,6774464947.723986,1,0,irregular
,7641717876.642776,1,0,irregular
,256056615037.94012,0,1,irregular
,12700037402.92345,0,0,irregular
,4737617562.589916,1,0,irregular
,5167053996.348271,0,0,irregular
,15764710505.085999,0,0,irregular
,66532370910.80809,0,0,irregular
,4351079314.63277,1,0,irregular
,3896458005.9987936,1,0,irregular
,9309470927.17778,1,0,irregular
,189213012386.10077,0,0,irregular
,6826121277.791379,0,0,irregular
,6539868261.129619,0,0,irregular
,2316850442.0440073,1,0,irregular
,18483661224.20702,1,0,irregular
,276996958230.75336,0,0,irregular
,9854690744.636192,1,0,irregular
,3098289534.1656795,1,0,irregular
,45879005995.289764,0,0,irregular
,32262275835.441505,0,0,irregular
,542360434516.44025,0,0,irregular
,73450202928.77406,0,0,irregular
,8234571408.263491,1,0,irregular
,2926873819.758755,1,0,irregular
,440836961171.9669,0,0,irregular
,3283439360.3291235,1,0,irregular
,56529611398.515396,0,0,irregular
,6046262524.297344,1,0,irregular
,3374403400.120728,1,0,irregular
,206927399540.1799,0,1,irregular
,62399196872.27625,0,0,irregular
,20149069737.689964,1,0,irregular
,60517084907.377174,0,0,irregular
,13342094120.027466,1,0,irregular
,19948350944.156372,0,0,irregular
,165800944416.4315,0,0,irregular
,49060955254.50108,0,0,irregular
,2859420325.9690514,1,0,irregular
,6457255933.208634,1,0,irregular
,120269636951.07222,0,1,irregular
,95874475263.57838,0,0,irregular
,67832215188.60702,0,0,irregular
,9309470927.17778,1,0,irregular
,120571315685.59589,0,0,irregular
,59536184700.29583,0,0,irregular
,5744258823.281413,1,0,irregular
,8089263828.326082,0,0,irregular
,3657362435.7429233,1,0,irregular
,8588315692.191706,1,0,irregular
,3620328673.6431193,1,0,irregular
,100428968013.8105,0,0,irregular
