epoch,train_loss,ce_loss,da_loss,source_acc,target_acc,target_f1,eta_1,entropy_loss,eta_2,sigma,align_loss,epoch_warmup
1,0.14374331136544546,0.14374331136544546,0.0,64.59219172787012,0.0,0.31169584360177904,,,,,,True
2,0.07820535947879155,0.07820535947879155,0.0,81.98685736374179,0.0,0.35225335079990083,,,,,,True
3,0.04670339751811255,0.04670339751811255,0.0,88.05566293003479,0.0,0.3507344283373339,,,,,,True
4,0.026818793621801194,0.026818793621801194,0.0,92.34634712021646,0.0,0.3344766102863699,,,,,,True
5,0.0121651700298701,0.0121651700298701,0.0,96.25048318515655,0.0,0.35589051257321974,,,,,,True
6,0.006362026712546746,0.006362026712546746,0.0,98.22187862388867,0.0,0.32088383716287366,,,,,,True
7,0.0036087235701935633,0.0036087235701935633,0.0,99.07228449942018,0.0,0.33190323319813186,,,,,,True
8,0.0018587706921001275,0.0018587706921001275,0.0,99.61345187475841,0.0,0.3215130727235381,,,,,,True
9,0.001105018852589031,0.001105018852589031,0.0,99.92269037495169,0.0,0.32551415647822984,,,,,,True
10,0.001069327040265004,0.001069327040265004,0.0,99.84538074990336,0.0,0.3265209132340939,,,,,,True
11,0.0015399493110765303,0.0015399493110765303,0.0,99.45883262466177,0.0,0.32007358374463507,,,,,,True
12,0.0008823501453402319,0.0008823501453402319,0.0,99.88403556242753,0.0,0.32590540978659066,,,,,,True
13,0.00038391233274957077,0.00038391233274957077,0.0,100.0,0.0,0.31012887662305855,,,,,,True
14,0.0002654346850855897,0.0002654346850855897,0.0,100.0,0.0,0.32012663839614736,,,,,,True
15,0.0002891793677311701,0.0002891793677311701,0.0,99.96134518747584,0.0,0.30901261943845076,,,,,,True
16,0.0006980053014038796,0.0006980053014038796,0.0,99.8067259373792,0.0,0.31504554325545403,,,,,,True
17,0.0004126528164349674,0.0004126528164349674,0.0,100.0,0.0,0.3068186341317282,,,,,,True
18,0.0004828219586800385,0.0004828219586800385,0.0,99.88403556242753,0.0,0.3099396407926172,,,,,,True
19,0.00028121089244017466,0.00028121089244017466,0.0,100.0,0.0,0.3203490828503783,,,,,,True
20,0.001061764213469966,0.001061764213469966,0.0,99.96134518747584,0.0,0.3242491813083041,,,,,,True
21,5.148403350044699,0.1460492269081228,0.02102111017002779,72.84007352941177,79.12408759124088,0.5633496261500888,0.10014763474464417,0.5322648374473348,0.998302698135376,0.01,0.27319423766697154,False
22,1.6410953945973341,0.07626741204191656,0.02033292896607343,79.96323529411765,75.03649635036497,0.5553903045410645,0.1002606675028801,0.7655307019458097,0.9966078400611877,0.01,0.2411254635628532,False
23,0.06739289751824211,0.04526760582538212,0.01577462869531968,89.61397058823529,77.51824817518248,0.5548211887360673,0.10034359991550446,0.8293106030015385,0.9949119687080383,0.01,0.19353643936269424,False
24,-1.0048818114925833,0.023952069966232076,0.013818386723013484,92.87683823529412,71.0948905109489,0.5685440863168241,0.10039103031158447,0.8722321215797874,0.9932169914245605,0.01,0.17340649752055898,False
25,-1.3507733875337768,0.0173589645556229,0.009745636407066794,94.76102941176471,77.08029197080292,0.5723835788296051,0.10041862726211548,0.780871636727277,0.9915211796760559,0.01,0.14777369271306431,False
26,-1.560973849366693,0.01342179549529272,0.006910671206081615,96.4154411764706,83.45498783454988,0.567924906634584,0.10043646395206451,0.687815199880039,0.989825963973999,0.01,0.12802841119906483,False
27,-1.9226172671598547,0.0062977505765636176,0.005392176263472613,97.84007352941177,82.82238442822384,0.5876579305264582,0.10044106096029282,0.6509571215685677,0.9881325960159302,0.01,0.11739288095165701,False
28,-1.9024675663779764,0.0068494113305967086,0.0051027150715098665,97.70220588235294,83.89294403892944,0.6058760283814371,0.10043708980083466,0.5829244291081148,0.9864420890808105,0.01,0.1094350113588221,False
29,-1.8880595205461277,0.007296804715331425,0.004336802398457247,98.80514705882354,82.7250608272506,0.5904644227863646,0.10043229907751083,0.5241050492314732,0.9847555160522461,0.01,0.10046786551966387,False
30,-2.1056075867484596,0.00308332936016514,0.003412786652060116,99.12683823529412,82.87104622871047,0.5861002148042177,0.1004217192530632,0.4648865759372711,0.9830719828605652,0.01,0.08989933702875585,False
31,-2.2015894651412964,0.001188539426520412,0.003664560177746941,99.44852941176471,82.53041362530413,0.6064851488970731,0.10040251910686493,0.4585417877225315,0.9813915491104126,0.01,0.08947095976156347,False
32,-2.171588378794053,0.00192651101079879,0.0028635508873883415,99.6783088235294,86.71532846715328,0.5947549258928325,0.10037846863269806,0.3488872857654796,0.9797141551971436,0.01,0.08525025011862025,False
33,-2.1581403858521404,0.0023043093593407642,0.0023800134658813477,99.6783088235294,86.95863746958638,0.6103796689922847,0.1003536656498909,0.32258021130281334,0.9780403971672058,0.01,0.07998078930027344,False
34,-2.0350538527264312,0.0048615377722051245,0.002517402172088623,99.49448529411765,85.20681265206812,0.5872366726209554,0.10033515095710754,0.3089412065113292,0.9763699173927307,0.01,0.07635385061011594,False
35,-2.2133954412796917,0.0013208242750860175,0.002774610238916734,99.44852941176471,82.62773722627738,0.5746335486330538,0.10031329095363617,0.33365534859545093,0.9747033715248108,0.01,0.0738047740476973,False
36,-2.24119831533993,0.0008599441128300147,0.0020956993103027344,99.77022058823529,84.5742092457421,0.5898569600785871,0.10028395801782608,0.293115455438109,0.9730401039123535,0.01,0.070208771921256,False
37,-2.215897097307093,0.0014379478782168863,0.001970824073342716,99.63235294117646,85.93673965936739,0.5863355304344539,0.10025282949209213,0.26747321381288414,0.9713795185089111,0.01,0.06844453557449229,False
38,-2.2501242441289566,0.0008530041290856281,0.0016567251261542825,99.81617647058823,84.08759124087591,0.5872920333323184,0.10022063553333282,0.2695970596636043,0.9697219133377075,0.01,0.06241335434948697,False
39,-2.1904890326892628,0.002124808958128329,0.0015450610834009508,99.86213235294117,84.76885644768856,0.6068733596894725,0.1001848503947258,0.24969703923253453,0.968067467212677,0.01,0.05990213002352154,False
40,-2.20706314199111,0.0018345807557660224,0.0017940682523390826,99.90808823529412,85.88807785888078,0.5672670258930633,0.10015521198511124,0.2254413252367693,0.9664163589477539,0.01,0.06034810862996999,False
41,-2.1913769315270817,0.0021551443793107277,0.0021274615736568674,99.72426470588235,85.06082725060827,0.5746157033876097,0.10012161731719971,0.21524541518267462,0.964769721031189,0.01,0.06369718536734581,False
42,-2.2297638794955086,0.001470665362830914,0.001698437859030331,99.6783088235294,83.74695863746959,0.5969835002639661,0.10008801519870758,0.21633335246759303,0.9631261229515076,0.01,0.059581258936839944,False
43,-2.2869688202353085,0.0003874560407118278,0.0017226618878981646,99.81617647058823,85.01216545012166,0.5939347745338385,0.10005048662424088,0.21704280727049885,0.9614854454994202,0.01,0.05731503533966401,False
44,-2.2258826353970695,0.001669809194521911,0.001672047026017133,99.86213235294117,84.96350364963503,0.6006516356368773,0.10000967979431152,0.20081464157384984,0.9598473310470581,0.01,0.05616819310714217,False
45,-2.283475532251246,0.0005382841591734392,0.002057292882133933,99.81617647058823,86.61800486618004,0.5925877988889962,0.0999702736735344,0.18628674131982467,0.9582130312919617,0.01,0.0584103397148497,False
46,-2.2935770189060882,0.00045337043558688224,0.0011977693613837747,99.81617647058823,84.42822384428224,0.5860285290689683,0.09992623329162598,0.21002048779936397,0.9565810561180115,0.01,0.050887252697173285,False
47,-2.2625435099882236,0.001103888142565398,0.0014833807945251465,99.90808823529412,84.18491484184915,0.5924790810940103,0.09988094866275787,0.18941812480197234,0.9549516439437866,0.01,0.05252279165913077,False
48,-2.2949953499962303,0.0005135813802927955,0.0016247279503766227,99.77022058823529,84.08759124087591,0.5583203305587419,0.09983690828084946,0.20315840402070215,0.9533257484436035,0.01,0.05032957586295465,False
49,-2.2958046127768124,0.0005044363938395691,0.0018975033479578355,99.77022058823529,81.16788321167883,0.5611657053695205,0.09979012608528137,0.20280076804406502,0.9517026543617249,0.01,0.05361541316789739,False
50,-2.292528888758491,0.0006671224481953472,0.001647325123057646,99.90808823529412,81.89781021897811,0.5905070842136476,0.0997420996427536,0.1976439479519339,0.9500831961631775,0.01,0.04860749512034304,False
51,-2.2704936195822323,0.0011666769842122449,0.0013675935128155876,99.81617647058823,83.74695863746959,0.5722133360914984,0.09969314932823181,0.181757151203997,0.9484658241271973,0.01,0.04766096021322643,False
52,-2.3045077464159798,0.0005075925957151091,0.001686394214630127,99.6783088235294,81.31386861313868,0.554264897012743,0.09964524209499359,0.21645557617439942,0.9468514919281006,0.01,0.0485094976337517,False
53,-2.3064387405619904,0.0005679379417094477,0.00129168524461634,99.81617647058823,83.64963503649635,0.5947924743419581,0.09959493577480316,0.1792284592109568,0.9452400803565979,0.01,0.044847331283723604,False
54,-2.2943304356406715,0.000823889763737765,0.0018414784880245432,99.86213235294117,85.59610705596107,0.6038277974091719,0.09954290091991425,0.15238088237888672,0.9436322450637817,0.01,0.048058470820679385,False
55,-2.304318442064173,0.0006846462580035543,0.0015101257492514217,99.81617647058823,84.18491484184915,0.6039116629380542,0.09949145466089249,0.18117625573102167,0.9420272707939148,0.01,0.0457231994060909,False
56,-2.249806004412034,0.0018558040322151261,0.0011008767520680146,99.63235294117646,84.18491484184915,0.5957308204348299,0.09944339096546173,0.1599617714391035,0.940424919128418,0.01,0.042045236948658436,False
57,-2.2875993181677425,0.0011422648327585622,0.0011699725599849924,99.86213235294117,85.01216545012166,0.5903221330205355,0.09939133375883102,0.1559154987335205,0.9388251900672913,0.01,0.042897100615150785,False
58,-2.2919546435861027,0.0010720391184323114,0.0014136258293600643,99.72426470588235,83.45498783454988,0.5830976686026099,0.09933950006961823,0.16733626758351045,0.937228262424469,0.01,0.04490025648299385,False
59,-2.3359287907095516,0.0002531417231921296,0.001665203010334688,99.86213235294117,82.4330900243309,0.5904675499670157,0.09928480535745621,0.18374124607619116,0.9356343150138855,0.01,0.04340820803361781,False
60,-2.342237949371338,0.0002233273038360922,0.0011359102585736442,99.90808823529412,83.30900243309003,0.5905310751957521,0.09922593086957932,0.169572275789345,0.9340430498123169,0.01,0.039511318373329496,False
61,-2.3458423334009506,0.00022248418345578315,0.001012728494756362,99.90808823529412,83.30900243309003,0.5788253709679853,0.09916561841964722,0.15891342128024383,0.9324542880058289,0.01,0.037536652101313364,False
62,-2.3490837321561924,0.00020454345739755596,0.0010943973765653722,99.95404411764706,83.84428223844282,0.5782586960144324,0.09910383820533752,0.14647789474795847,0.9308682680130005,0.01,0.03788482682669864,False
63,-2.3556275648229263,0.00011859999254096799,0.0011694641674266143,100.0,82.67639902676399,0.5798838528470306,0.09904056042432785,0.15227605051854076,0.9292851090431213,0.01,0.03786308658035362,False
64,-2.325144283911761,0.0007535497379114317,0.0010831741725697236,99.86213235294117,83.45498783454988,0.5913711747297961,0.09897687286138535,0.14632757928441553,0.9277045726776123,0.01,0.039027951767339426,False
65,-2.327093510066762,0.0007922145619779578,0.0009364976602442124,99.72426470588235,81.94647201946472,0.5883240922852728,0.098915696144104,0.14883076706353357,0.9261268377304077,0.01,0.03580707070582053,False
66,-2.3666977040907917,4.623025701194445e-05,0.0014062909518971162,100.0,82.38442822384428,0.5966041877832687,0.09885390847921371,0.1467327313388095,0.9245524406433105,0.01,0.03700089925790534,False
67,-2.3585535918965057,0.00025425172030763324,0.0012949985616347369,99.86213235294117,84.37956204379562,0.6005510188859209,0.09878749400377274,0.12739120993544073,0.9229810237884521,0.01,0.03757595303742325,False
68,-2.3662800788879395,0.00017763259967964855,0.0010917221798616298,99.95404411764706,84.28223844282239,0.5994697893232362,0.0987207219004631,0.13202088063254075,0.9214116930961609,0.01,0.034745869610239476,False
69,-2.316009851062999,0.0011464885531575634,0.0017174166791579302,99.72426470588235,84.23357664233576,0.5795128850466095,0.09865399450063705,0.11397071577170316,0.9198455810546875,0.01,0.04047366253593389,False
70,-2.3453937348197487,0.0006571403822256209,0.0011973871904260973,99.81617647058823,82.33576642335767,0.5895171386572781,0.09859064966440201,0.12958839623367086,0.9182826280593872,0.01,0.036575629211523956,False
71,-2.3767401751349952,0.0001145866613382275,0.0009022845941431382,99.95404411764706,82.04379562043796,0.5935953659464346,0.09852440655231476,0.1389128285295823,0.9167218208312988,0.01,0.03436655430671047,False
72,-2.320961033596712,0.0012601151471271271,0.0010200283106635598,99.86213235294117,83.5036496350365,0.598200432045184,0.09845494478940964,0.12386944977676168,0.9151634573936462,0.01,0.0329933799803257,False
73,-2.358597145361059,0.0005527604021688818,0.0010213150697595934,99.72426470588235,83.21167883211679,0.591024043675028,0.09839046746492386,0.11945273639524684,0.9136080741882324,0.01,0.03553041366531568,False
74,-2.3250088060603424,0.0012798443521814186,0.0010704853955437155,99.77022058823529,83.11435523114355,0.6077068905862932,0.09832295030355453,0.12346423066714231,0.9120557904243469,0.01,0.031963561058920974,False
75,-2.3542122209773346,0.0007164404535829175,0.0012843819225535674,99.77022058823529,84.37956204379562,0.6089256400484885,0.09825751930475235,0.12298184852389728,0.9105063080787659,0.01,0.036225317922585154,False
76,-2.3537298370810116,0.00077390620426473,0.0014900670332067152,99.77022058823529,81.45985401459853,0.5965455693682881,0.09818904846906662,0.13805756674093358,0.9089596271514893,0.01,0.03504578298067346,False
77,-2.3795778891619515,0.0003334599797359688,0.0016499372089610381,99.90808823529412,82.48175182481752,0.595546295567583,0.09811908006668091,0.13950029015541077,0.9074165225028992,0.01,0.03352930966545554,False
78,-2.3702897534650913,0.0005835697943573049,0.0010180438266080968,99.90808823529412,84.52554744525547,0.615468186007932,0.09804569184780121,0.11187208400053136,0.9058749079704285,0.01,0.03277291061685366,False
79,-2.369672831367044,0.0006200607422633365,0.0012307096930111155,99.90808823529412,84.72019464720195,0.6297102223502742,0.09797222912311554,0.12139986236305798,0.904336154460907,0.01,0.034354243756217116,False
80,-2.347185555626364,0.0011092779463310494,0.0012368524775785558,99.86213235294117,84.72019464720195,0.608722761346523,0.09789953380823135,0.11915789500755422,0.9028001427650452,0.01,0.03316801381023491,False
81,-2.3897424866171444,0.00034141764240971765,0.0013807100408217486,99.77022058823529,84.23357664233576,0.5977835259005794,0.09782911837100983,0.11692901700735092,0.9012671113014221,0.01,0.03287788140861427,False
82,-2.3310905274222877,0.0014906574713088904,0.0015573536648469813,99.77022058823529,83.40632603406326,0.5916505278973144,0.09775516390800476,0.11792049841845736,0.8997368216514587,0.01,0.0345273721305763,False
83,-2.392083097906674,0.00040004344581281173,0.0011691591318915872,99.77022058823529,83.21167883211679,0.6052660869745873,0.09768391400575638,0.1174177534001715,0.8982092142105103,0.01,0.03192724857260199,False
84,-2.38491683847764,0.0005892142685030087,0.000978701254900764,99.81617647058823,83.94160583941606,0.6194327894327895,0.09760832041501999,0.11569655357914813,0.8966836929321289,0.01,0.03158135273877312,False
85,-2.293682526139652,0.002326933135771683,0.0016568162861992331,99.5404411764706,83.74695863746959,0.6173550186921543,0.09753359854221344,0.12896464195321589,0.8951611518859863,0.01,0.034882196389576965,False
86,-2.104045973104589,0.006025983652367519,0.000970153247608858,99.58639705882354,85.1094890510949,0.6130215494089065,0.09747578948736191,0.11584744953057345,0.8936415314674377,0.01,0.030717544476775563,False
87,-2.3833285640267765,0.0007240252423009545,0.0012243214775534237,99.90808823529412,84.08759124087591,0.6122123542839656,0.09747149050235748,0.12611223231343663,0.8934899568557739,0.01,0.03195222423357122,False
88,-2.3905532289953793,0.0006317865543625136,0.0008793122628155877,99.90808823529412,83.84428223844282,0.6099231985870277,0.09746430814266205,0.11928943018702899,0.8933384418487549,0.01,0.028369127279695344,False
89,-2.4027605337255142,0.00039826609493582725,0.0009064078330993652,99.90808823529412,84.23357664233576,0.6105917432546901,0.09745652973651886,0.119692061753834,0.8931869864463806,0.01,0.028973684700972894,False
90,-2.4192827028386734,7.229156303497696e-05,0.0010413211934706744,100.0,83.99026763990268,0.6101394758854783,0.09744837135076523,0.1181060518412029,0.8930355310440063,0.01,0.030646282083847943,False
91,-2.421307746101828,5.133149954203605e-05,0.000987094991347369,99.95404411764706,84.13625304136254,0.6104951843744999,0.09743984788656235,0.1200828591690344,0.8928840756416321,0.01,0.029300971942789415,False
92,-2.339673364863676,0.0015805346844468418,0.0012568095151115866,99.95404411764706,84.52554744525547,0.6085120403583925,0.09743129462003708,0.12204314373871859,0.8927328586578369,0.01,0.031580082524348706,False
93,-2.4183289864484,0.00011937397290667457,0.0010509035166572122,99.95404411764706,83.89294403892944,0.6059366073140386,0.09742368012666702,0.11648923465434242,0.892581582069397,0.01,0.029167705818134194,False
94,-2.4220130022834327,4.804846079931689e-05,0.0010447957936455222,100.0,83.84428223844282,0.6078788620452463,0.09741513431072235,0.13071910291910172,0.892430305480957,0.01,0.029258800999206656,False
95,-2.419890221427469,0.00011824455191344896,0.0008009216364692239,99.95404411764706,83.7956204379562,0.6073166069562018,0.09740632772445679,0.11196416309651207,0.8922791481018066,0.01,0.027677830308675766,False
96,-2.409359146566952,0.00027970135466863906,0.001104126958286061,99.90808823529412,84.37956204379562,0.6055626743161321,0.09739743173122406,0.12041054490734548,0.892128050327301,0.01,0.03151891303851324,False
97,-2.4203733556410847,7.826702052264355e-05,0.001262359759386848,100.0,84.37956204379562,0.605860072523407,0.09738856554031372,0.10682186703471576,0.891977071762085,0.01,0.03158801914576222,False
98,-2.4233066895428825,4.812545161899727e-05,0.0009042585597318761,99.95404411764706,84.330900243309,0.6071670568761092,0.09737949073314667,0.1248626914971015,0.8918260931968689,0.01,0.029150060651933447,False
99,-2.416785310296451,0.00018740960639634604,0.0008567641763126149,99.95404411764706,83.94160583941606,0.6082846651575481,0.09737040847539902,0.11626374327084597,0.8916749954223633,0.01,0.02842970926533727,False
100,-2.4253291803247787,3.1233996594437485e-05,0.0008307660327238195,100.0,84.23357664233576,0.6063098691111156,0.09736133366823196,0.11295739035396014,0.8915240168571472,0.01,0.02850351625067346,False
101,-2.424704944386202,2.1588492191928226e-05,0.0011230917537913604,100.0,84.08759124087591,0.6066800332746686,0.09735196083784103,0.10552208037937388,0.8913731575012207,0.01,0.031225466881604755,False
102,-2.413864949170281,0.00022637951603013897,0.0012321437106413,99.86213235294117,84.23357664233576,0.6070858144864585,0.09734250605106354,0.10382057748296682,0.8912221789360046,0.01,0.03175568416276399,False
103,-2.4202304026659798,0.00014319102065736146,0.0008761216612423168,99.95404411764706,84.23357664233576,0.6062307272880942,0.09733317792415619,0.10333151063498329,0.8910711407661438,0.01,0.028799547320779634,False
104,-2.424750566482544,6.793873752579148e-05,0.000788264414843391,100.0,83.89294403892944,0.6072718374116036,0.09732373803853989,0.10629986007423962,0.8909202814102173,0.01,0.028224529479356372,False
105,-2.3818403973298916,0.0008715670992387459,0.0008637519443736357,99.95404411764706,84.5742092457421,0.607521850235833,0.09731433540582657,0.10778029350673451,0.8907691836357117,0.01,0.029563726309467766,False
106,-2.426644100862391,2.93909264461731e-05,0.0007736262153176701,100.0,83.89294403892944,0.6078695457288291,0.0973053127527237,0.1153687291285571,0.8906182050704956,0.01,0.02922021970152855,False
107,-2.428076421513277,1.2330803445713494e-05,0.0009614369448493509,100.0,84.08759124087591,0.6085111685932153,0.09729566425085068,0.11157155475195717,0.8904674053192139,0.01,0.02860336619264939,False
108,-2.428511787863339,2.8012661379547997e-05,0.000737463726716883,100.0,84.08759124087591,0.6042833479724702,0.09728579968214035,0.1082452325259938,0.8903167247772217,0.01,0.027030601659241843,False
109,-2.428526766159955,3.6226537718796276e-05,0.0006706609445459702,100.0,83.7956204379562,0.6059959612018843,0.09727595001459122,0.10311082619078019,0.8901659846305847,0.01,0.02696267723598901,False
110,-2.429732350742116,1.389861949305401e-05,0.0008555826018838322,100.0,83.99026763990268,0.6054111449192656,0.09726609289646149,0.10891701368724599,0.8900152444839478,0.01,0.02698591658297707,False
111,-2.428383560741649,8.790815433498852e-06,0.0010449711014242733,100.0,84.28223844282239,0.6055288484372715,0.09725609421730042,0.11226494215867099,0.8898643851280212,0.01,0.030391922768424538,False
112,-2.4246922240537754,6.97164937916488e-05,0.001159643425660975,99.95404411764706,83.89294403892944,0.6065226246539782,0.09724587202072144,0.10451345627798754,0.8897141814231873,0.01,0.032044051215052605,False
113,-2.4275134170756623,3.8569747864451475e-05,0.0010517414878396427,99.95404411764706,84.18491484184915,0.6041437344622318,0.09723564237356186,0.10744626250337153,0.8895639181137085,0.01,0.030260609462857246,False
114,-2.423174128812902,0.00011435752450699296,0.0011402333483976476,99.95404411764706,83.84428223844282,0.6067892676967973,0.09722540527582169,0.09691775502527461,0.8894138932228088,0.01,0.03177798232611488,False
115,-2.4286672648261574,2.5207295339789518e-05,0.00102919340133667,100.0,83.94160583941606,0.6047752151984778,0.09721516072750092,0.10078318855341743,0.8892636895179749,0.01,0.030755450072533944,False
116,-2.4317427102257225,2.447172974317415e-05,0.0007094039636499741,100.0,83.84428223844282,0.6036204761512324,0.09720490872859955,0.10205442852833692,0.8891133666038513,0.01,0.02558400427155635,False
117,-2.4291250425226547,4.955360133147438e-05,0.0010155299130608054,100.0,83.7956204379562,0.6052861709510505,0.09719457477331161,0.10367321880424724,0.8889629244804382,0.01,0.028260644087020087,False
118,-2.4308816965888527,2.9787886506603492e-05,0.0009586144896114574,100.0,83.89294403892944,0.6046649570902055,0.09718403220176697,0.09984303221983068,0.8888124227523804,0.01,0.027616731493788606,False
119,-2.4321123992695526,1.6767623953776766e-05,0.0007430209833032944,100.0,83.84428223844282,0.6059309766800429,0.09717340022325516,0.09322869361323469,0.888661801815033,0.01,0.02762793157907093,False
120,-2.433028627844418,9.147914212803698e-06,0.0009217928437625661,100.0,83.55231143552311,0.6054527724201985,0.09716276824474335,0.10552149441312342,0.888511061668396,0.01,0.026441680486587918,False
121,-2.432825060451732,1.4085550166033927e-05,0.0008193605086382697,100.0,83.69829683698296,0.6054857257039074,0.09715212881565094,0.10188854617231033,0.8883602023124695,0.01,0.02715850040754851,False
122,-2.431659417993882,3.7105706458278824e-05,0.0009155729237724753,100.0,84.23357664233576,0.6053418803418803,0.09714150428771973,0.09356726267758537,0.8882092833518982,0.01,0.02781917604015154,False
123,-2.430422207888435,6.331887202544054e-05,0.0009478681227740119,100.0,83.84428223844282,0.6053034548916743,0.09713080525398254,0.10764557298491984,0.8880584239959717,0.01,0.02746878400006715,False
124,-2.4231507357429054,0.0001995393302511208,0.0010984890601214241,99.95404411764706,83.89294403892944,0.6051098318692323,0.09711995720863342,0.09553943508688141,0.8879076838493347,0.01,0.028422369566910407,False
125,-2.4335686739753273,2.3690631830758694e-05,0.0007288771517136518,100.0,84.330900243309,0.6051098318692323,0.09710917621850967,0.10219008782330681,0.8877570629119873,0.01,0.026993054787025732,False
126,-2.4343364799723908,3.650956276982577e-05,0.0006058812141418457,100.0,83.89294403892944,0.6030904230807229,0.09709814935922623,0.09059596982072382,0.8876062631607056,0.01,0.0252817080301397,False
127,-2.4335181292365577,2.715795671172279e-05,0.0009822389658759622,100.0,83.94160583941606,0.6057743754372967,0.09708713740110397,0.09730397997533574,0.887455403804779,0.01,0.027730265522704405,False
128,-2.4360056344200585,1.1241138187923592e-05,0.0006747245788574219,100.0,83.99026763990268,0.6054795453202116,0.09707612544298172,0.101488427423379,0.8873046040534973,0.01,0.02523311074165737,False
129,-2.4353223968954647,5.773758593530895e-06,0.0009102716165430405,100.0,83.84428223844282,0.6071369799923027,0.09706509858369827,0.09478484883027918,0.8871537446975708,0.01,0.02771506261299638,False
130,-2.4346762825460995,2.878567447924872e-05,0.0009228481965906479,100.0,83.5036496350365,0.6071369799923027,0.09705372154712677,0.10417023607913185,0.8870030045509338,0.01,0.02674276743303327,False
131,-2.4359920445610497,1.1930735421200926e-05,0.0007719572852639591,100.0,83.94160583941606,0.6051098318692323,0.09704230725765228,0.09956180348115809,0.8868522644042969,0.01,0.026851135470411357,False
132,-2.437204262789558,9.302324388847732e-06,0.0008169377551359288,100.0,83.89294403892944,0.6067295208880138,0.09703090786933899,0.09294053386239444,0.8867015242576599,0.01,0.02548782198744662,False
133,-2.4365784701179054,7.002045840502379e-06,0.0007635635488173541,100.0,83.89294403892944,0.6066017035379305,0.0970195010304451,0.09105553916271995,0.8865508437156677,0.01,0.02770147954716402,False
134,-2.43844272108639,5.502628741784493e-06,0.0007670977536369773,100.0,83.60097323600974,0.6073512044995862,0.0970081016421318,0.10178668139611974,0.8864001631736755,0.01,0.024273146820418975,False
135,-2.433978319168091,5.9179075908760374e-05,0.0009591509314144359,99.95404411764706,83.99026763990268,0.606959606417181,0.09699669480323792,0.10078369606943692,0.8862494826316833,0.01,0.027866933385238928,False
136,-2.437142708722283,2.2768844970374522e-05,0.0008975162225611069,100.0,83.84428223844282,0.6080832560879493,0.09698529541492462,0.09313661166850258,0.8860988616943359,0.01,0.026366504785769126,False
137,-2.4392658401938045,3.1408611492037485e-06,0.0007877455038182876,100.0,83.94160583941606,0.6071369799923027,0.09697361290454865,0.08496885001659393,0.8859483003616333,0.01,0.025249731014756596,False
138,-2.438433464835672,1.3499625025053106e-05,0.000796051586375517,100.0,83.74695863746959,0.6084305266394785,0.09696182608604431,0.0904109784785439,0.8857977390289307,0.01,0.02616701932514415,False
139,-2.4387385143953213,1.813845087012316e-05,0.0007771954816930435,100.0,83.60097323600974,0.6087148058368399,0.09695003181695938,0.08339784327237044,0.885647177696228,0.01,0.025950107175637695,False
140,-2.4385509771459244,8.991068881414321e-06,0.0008062124252319336,100.0,83.74695863746959,0.60792476134776,0.09693825244903564,0.08759783931514796,0.8854966759681702,0.01,0.02767603866317693,False
141,-2.4394663642434513,7.7140881792141e-06,0.0009605148259331198,100.0,83.64963503649635,0.6069083007869666,0.09692645817995071,0.08561863355776843,0.8853461742401123,0.01,0.026446029324741924,False
142,-2.4405642537509693,6.0381293849332e-06,0.0006584805600783404,100.0,83.94160583941606,0.60792476134776,0.09691467881202698,0.0887914760147824,0.8851956725120544,0.01,0.025269730783560696,False
143,-2.439670142005472,1.5245458469922488e-05,0.0007181833772098317,100.0,83.55231143552311,0.6080832560879493,0.09690289199352264,0.0929387010195676,0.8850452303886414,0.01,0.02641814125373083,False
144,-2.4416228462668026,4.128724182304295e-06,0.0006504234145669377,100.0,83.89294403892944,0.6076951774284596,0.09689083695411682,0.08909056335687637,0.884894847869873,0.01,0.024521512253319517,False
145,-2.441640685586368,4.097660411663556e-06,0.0007725007393780877,100.0,83.64963503649635,0.6081388482670492,0.09687866270542145,0.08743616763283224,0.88474440574646,0.01,0.02498977050623473,False
146,-2.4405151114744297,1.0757209669855134e-05,0.000872331507065717,100.0,83.64963503649635,0.6080832560879493,0.09686649590730667,0.09138453269706052,0.8845940828323364,0.01,0.026836566627025604,False
147,-2.440239892286413,2.0340357149915262e-05,0.0009637965875513413,100.0,83.60097323600974,0.607737569137872,0.0968543216586113,0.09141659429844688,0.8844437003135681,0.01,0.026837728698464,False
148,-2.440618122325224,3.672524711278664e-05,0.0007730687365812413,99.95404411764706,83.7956204379562,0.6083042893101934,0.09684215486049652,0.08306031235877205,0.8842934370040894,0.01,0.025502473335055745,False
149,-2.4291530356687656,0.00023413995906948644,0.0009059870944303624,99.95404411764706,83.74695863746959,0.606894849682919,0.09683001041412354,0.09068081418381017,0.8841431140899658,0.01,0.027492909089607352,False
150,-2.4426435162039364,6.329850422429552e-06,0.0007365977062898524,100.0,83.60097323600974,0.6071949817383054,0.09681793302297592,0.0830964071347433,0.8839929103851318,0.01,0.025917156654245713,False
151,-2.4396058250876034,3.6776016857482534e-05,0.0014511416940128103,100.0,83.55231143552311,0.6079823038310852,0.09680576622486115,0.0938783090780763,0.8838427066802979,0.01,0.027988907388027978,False
152,-2.444055108463063,4.743683132681005e-06,0.000792538418489344,100.0,83.74695863746959,0.6097710788336902,0.09679330885410309,0.08112352319500025,0.8836926221847534,0.01,0.024453976136796614,False
153,-2.443831850500668,3.633487309303639e-06,0.0009512585752150591,100.0,83.7956204379562,0.6085329192350876,0.09679213166236877,0.09131135265616809,0.8836774826049805,0.01,0.02475217981811832,False
154,-2.4440465814927044,1.5017076569446384e-05,0.0006172306397381951,100.0,83.94160583941606,0.6094291763309724,0.09679095447063446,0.08086183535702088,0.8836623430252075,0.01,0.024012200424776357,False
155,-2.4444230304044834,4.371263732055548e-06,0.0006940084345200483,100.0,83.7956204379562,0.6093226342451875,0.09678977727890015,0.07951496826375232,0.8836473822593689,0.01,0.02440935592440998,False
156,-2.44409283469705,3.3630991780723085e-06,0.0008452429490930893,100.0,84.18491484184915,0.6102204355563903,0.09678859263658524,0.09577082579626757,0.8836323022842407,0.01,0.024391629787928918,False
157,-2.439915825338925,5.6021443975683885e-05,0.0009473246686598834,99.95404411764706,83.7956204379562,0.6098786065879467,0.09678742289543152,0.09531401053947561,0.8836170434951782,0.01,0.027070682167130357,False
158,-2.442025100483614,5.053429786565122e-05,0.0007989932509029613,100.0,84.13625304136254,0.6093225913373412,0.0967862457036972,0.09008845708826009,0.883601725101471,0.01,0.023895503733964527,False
159,-2.4438181063708138,9.133516446269141e-06,0.0008421049398534439,100.0,83.64963503649635,0.6093225913373412,0.09678506851196289,0.0925961640827796,0.8835867047309875,0.01,0.024631992968566278,False
160,-2.4444141528185677,6.04655504750607e-06,0.000745541909161736,100.0,84.08759124087591,0.6075372529754834,0.09678389132022858,0.08590757014120326,0.8835715055465698,0.01,0.024219445884227753,False
161,-2.4426581018111286,2.062966813261536e-05,0.0008500954684089212,100.0,83.89294403892944,0.6080860843209638,0.09678272157907486,0.09524646226097555,0.8835564255714417,0.01,0.025725601898396715,False
162,-2.4440289244932285,1.1951966184857851e-05,0.0008485948338228114,100.0,83.7956204379562,0.6076401064828477,0.09678154438734055,0.081723720930955,0.8835414052009583,0.01,0.024511490893714568,False
163,-2.427616932812859,0.0003160981754269736,0.0007688718683579389,99.95404411764706,83.94160583941606,0.6058189191609884,0.09678035974502563,0.0931163811508347,0.8835261464118958,0.01,0.02456866851186051,False
