epoch,train_loss,ce_loss,da_loss,source_acc,target_acc,eta_1,align_loss,entropy_loss,eta_2,sigma,epoch_warmup
1,0.20796064961524235,0.20796064961524235,0.0,43.873212214920756,0.0,,,,,,True
2,0.1938358573686509,0.1938358573686509,0.0,73.25086973328179,0.0,,,,,,True
3,0.17844713301885695,0.17844713301885695,0.0,73.21221492075763,0.0,,,,,,True
4,0.15869099079143434,0.15869099079143434,0.0,73.09625048318516,0.0,,,,,,True
5,0.14610824379182996,0.14610824379182996,0.0,70.46772323154232,0.0,,,,,,True
6,0.13978308687607446,0.13978308687607446,0.0,74.25589485890994,0.0,,,,,,True
7,0.13312631597121558,0.13312631597121558,0.0,68.10977966756862,0.0,,,,,,True
8,0.12624506226607732,0.12624506226607732,0.0,69.5400077309625,0.0,,,,,,True
9,4.4713444850024056,0.1337999561253716,0.0671983214423937,69.48529411764706,56.447688564476884,0.10016980022192001,0.08384960889816284,0.9398223862928503,0.9982960224151611,6.634204312890622,False
10,3.7685258809257958,0.12054548412561417,0.044962996288257485,71.13970588235294,58.6374695863747,0.10033558309078217,0.06564965427798383,0.898791022160474,0.9965886473655701,6.3024940972460906,False
11,3.55336295857149,0.11666472475318347,0.043059887035804635,73.25367647058823,60.82725060827251,0.10049474239349365,0.06277298532864627,0.8765226497369654,0.9948822855949402,5.987369392383787,False
12,3.3829791686114143,0.11380076452213175,0.03057957999408245,67.96875,52.01946472019465,0.10065849870443344,0.0541821069577161,0.8722623376285329,0.9931710362434387,5.688000922764597,False
13,3.3356684235965504,0.11318079294527278,0.032857486868605894,72.38051470588235,61.02189781021898,0.10081736743450165,0.05542235273648711,0.8629613729084239,0.9914654493331909,5.403600876626367,False
14,3.273123965543859,0.11235839259975097,0.027261322473778445,72.28860294117646,61.654501216545015,0.10097897797822952,0.0523955655448577,0.8615730930777157,0.9897609353065491,5.133420832795048,False
15,3.01004738667432,0.10736505073659561,0.026908275068682784,70.81801470588235,60.194647201946474,0.101138636469841,0.050875661127707535,0.8552534965907826,0.9880637526512146,4.876749791155295,False
16,2.9656958019032196,0.10683167681974523,0.023487014586434644,73.02389705882354,57.71289537712895,0.10129638761281967,0.050878220840412026,0.850372826351839,0.9863703846931458,4.63291230159753,False
17,2.793393415563247,0.10367563060101341,0.021415271029314575,73.98897058823529,61.3625304136253,0.10144954919815063,0.048566036145476735,0.8435729601803947,0.9846800565719604,4.401266686517654,False
18,2.6128290400785557,0.10031403907958199,0.018977992674883676,73.29963235294117,63.454987834549875,0.10159867256879807,0.047314682427574604,0.8386570180163664,0.9829918146133423,4.181203352191771,False
19,2.926838489139781,0.10714157977524925,0.017640872584546313,72.9779411764706,63.74695863746959,0.10175779461860657,0.045320177122074014,0.8407117303679971,0.9813106060028076,3.972143184582182,False
20,2.731461826492758,0.103463116375839,0.01640117557390648,74.35661764705883,59.4647201946472,0.10191639512777328,0.04325788972132346,0.8396648028317619,0.9796332716941833,3.7735360253530725,False
21,2.5666582163642433,0.10034324272590525,0.016824406599078107,72.61029411764706,55.18248175182482,0.10207031667232513,0.044043477843789494,0.8433524615624372,0.9779638051986694,3.584859224085419,False
22,2.475933500620372,0.0987245830542901,0.018087172880768776,74.95404411764706,58.78345498783455,0.1022191196680069,0.04623714615316952,0.8361324352376601,0.9763005375862122,3.405616262881148,False
23,2.5057086173225853,0.09972377910333521,0.01396357947412659,71.78308823529412,51.92214111922141,0.10237594693899155,0.04227719214909217,0.8367954843184527,0.974643349647522,3.2353354497370903,False
24,2.272969228379867,0.09513987951418933,0.014249052688041153,73.85110294117646,53.57664233576642,0.10252536088228226,0.04233847054488519,0.8344296883134281,0.972991406917572,3.0735686772502357,False
25,2.3217309958794536,0.0964448362150613,0.014368673457818873,75.91911764705883,57.031630170316305,0.10267499834299088,0.04235899273086997,0.833169723258299,0.9713464975357056,2.919890243387724,False
26,2.379449695787009,0.09791138132705408,0.01626827847212553,73.1158088235294,53.18734793187348,0.1028253585100174,0.044700062011971194,0.8162754142985624,0.9697083830833435,2.773895731218338,False
27,2.0842869877815247,0.09199405768338371,0.01454764966140775,75.04595588235294,56.2043795620438,0.10297343134880066,0.04208753104595577,0.8201776848119848,0.968082845211029,2.6352009446574205,False
28,2.09594068106483,0.09249148342539282,0.014542070436565316,75.59742647058823,55.523114355231144,0.10311893373727798,0.04369162724298589,0.8149896579630235,0.9664596915245056,2.5034408974245492,False
29,2.0284329056739807,0.09133078815305934,0.015251146081615896,75.22977941176471,56.885644768856444,0.10325734317302704,0.042148474165621924,0.8197205522481132,0.9648461937904358,2.3782688525533215,False
30,2.1470892183920918,0.09419165946104947,0.011612502529340632,75.73529411764706,56.83698296836983,0.10340328514575958,0.039655154023100346,0.8147939022849587,0.9632359147071838,2.2593554099256554,False
31,2.016615594134611,0.09165307002909043,0.0129094121101148,77.29779411764706,58.97810218978102,0.10354869067668915,0.03963915718828931,0.8197535662090077,0.9616335034370422,2.146387639429373,False
32,1.8868983177577747,0.0891458284767235,0.011609374490730903,73.8970588235294,54.79318734793188,0.10369378328323364,0.03923462506602792,0.8185589909553528,0.9600380659103394,2.0390682574579038,False
33,1.878800548174802,0.08924473559155184,0.0117282050606959,77.0220588235294,55.37712895377129,0.10383138805627823,0.0375202105325811,0.8170168575118569,0.958450436592102,1.9371148445850086,False
34,1.703682871425853,0.08573382479303024,0.010159824481781791,75.96507352941177,55.32846715328467,0.1039716973900795,0.03695237285950605,0.8100879578029409,0.9568698406219482,1.8402591023557582,False
35,1.6226349508061129,0.0842006710522315,0.010764678227989113,76.65441176470588,55.03649635036496,0.10410787910223007,0.037602395476663816,0.8043209875331205,0.9552971720695496,1.7482461472379702,False
36,1.6982165294535019,0.08608252555131912,0.010652517132899341,76.60845588235294,54.45255474452555,0.10424355417490005,0.03609430548899314,0.8116328611093409,0.9537330865859985,1.6608338398760716,False
37,1.521043177913217,0.08249097251716782,0.008900233106139828,76.8841911764706,52.55474452554745,0.10437916964292526,0.03483084665940089,0.8114632648580214,0.9521749019622803,1.5777921478822678,False
38,1.5094105163041283,0.08243287223226883,0.009970993899247226,74.72426470588235,47.8345498783455,0.10451222211122513,0.03576541976893649,0.8097116806927849,0.9506253004074097,1.4989025404881544,False
39,1.2090656529454624,0.07611382993705132,0.008906366221387596,80.33088235294117,54.01459854014598,0.10463251918554306,0.03422786448808277,0.8067406380877775,0.9490838050842285,1.4239574134637467,False
40,1.1685139256365158,0.07540361342184684,0.0088870549464927,77.0220588235294,57.17761557177616,0.10475602746009827,0.03496725572382703,0.7985913227586185,0.947551429271698,1.3527595427905592,False
41,1.1115024936768938,0.07431404884247218,0.010259818285703659,79.54963235294117,56.25304136253041,0.1048746332526207,0.03572138968636008,0.7938460567418266,0.9460285305976868,1.285121565651031,False
42,1.2001927549786426,0.07641616551315084,0.011779421118690687,77.57352941176471,54.0632603406326,0.10499501973390579,0.037045206874608994,0.7887331072021934,0.9445176720619202,1.2208654873684797,False
43,1.1549040219363045,0.07566384883487925,0.009377487140762456,79.2279411764706,51.824817518248175,0.10512088984251022,0.03379797113730627,0.7926450126311358,0.9430159330368042,1.1598222130000555,False
44,0.9133117305772269,0.07048702459124957,0.010423923459123163,81.34191176470588,55.91240875912409,0.10523778945207596,0.034315044060349464,0.7900805368142969,0.9415226578712463,1.1018311023500529,False
45,0.9570634190869682,0.07162716371171615,0.009842064998605671,79.96323529411765,53.819951338199516,0.10535158962011337,0.034542227054343504,0.7903278855716481,0.9400373101234436,1.04673954723255,False
46,1.030243542702759,0.07342179930385422,0.010161909822593717,76.79227941176471,49.051094890510946,0.10546990483999252,0.03394894827814663,0.7905758864739362,0.9385626316070557,0.9944025698709225,False
47,0.8501434909070239,0.06958420267876457,0.009898891343789943,81.06617647058823,55.37712895377129,0.10558436065912247,0.03450291001183145,0.7838865834123948,0.9370971918106079,0.9446824413773763,False
48,0.7317160832531312,0.06713646014823633,0.008523828213048331,80.33088235294117,54.84184914841849,0.10569372028112411,0.03262055961086469,0.7901162715519175,0.9356405735015869,0.8974483193085075,False
49,0.626126774093684,0.06491047406897825,0.009242957047022441,82.90441176470588,55.571776155717764,0.10579739511013031,0.0331951365532244,0.7882009604397942,0.9341931343078613,0.852575903343082,False
50,0.5065147591864362,0.06239598638871137,0.008132355698548695,82.30698529411765,55.71776155717762,0.10590250790119171,0.03237025669830687,0.7760794969166026,0.9327549338340759,0.809947108175928,False
51,0.43818479151848483,0.06098960011320956,0.008779127506867927,82.12316176470588,60.43795620437956,0.10600031167268753,0.0320789726341472,0.7785025063683005,0.9313263297080994,0.7694497527671316,False
52,0.3604667161536567,0.05937880935037837,0.008432429174289983,84.28308823529412,58.78345498783455,0.10609672218561172,0.031429788426441306,0.7774471921079299,0.9299088716506958,0.7309772651287749,False
53,0.42776041543659044,0.061021743670982474,0.008190534241935787,84.65073529411765,58.49148418491484,0.1061919704079628,0.03143403405214057,0.7745677092496086,0.9285010695457458,0.6944284018723361,False
54,0.3192522750400445,0.05870694382225766,0.007599415065830245,83.77757352941177,56.64233576642336,0.10628713667392731,0.030914586694801554,0.7810227485264049,0.9271032810211182,0.6597069817787193,False
55,0.43764092071967964,0.06147259408060242,0.00928572885801687,83.50183823529412,57.22627737226277,0.10638798773288727,0.03176268080578131,0.7731147969470304,0.9257165789604187,0.6267216326897833,False
56,0.09486759454011917,0.05387410762555459,0.00757881673052907,85.89154411764706,59.27007299270073,0.10647550970315933,0.03042572725783376,0.7701943306361928,0.9243398308753967,0.5953855510552941,False
57,0.3322012358728577,0.059384748339653015,0.0067240410100887806,83.1341911764706,56.15571776155718,0.1065681055188179,0.029569919385454235,0.769958983449375,0.9229726791381836,0.5656162735025293,False
58,0.24621475575601354,0.05753327402121881,0.0075722781064755775,83.22610294117646,56.83698296836983,0.10666228085756302,0.029975337798104566,0.7661330664859098,0.9216153025627136,0.5373354598274028,False
59,0.1634597708197201,0.05575809803079156,0.008265632177319597,83.96139705882354,56.30170316301703,0.10675249993801117,0.029681238838854956,0.7633737781468559,0.9202702045440674,0.5104686868360326,False
60,-0.08294101147090688,0.050235223682487715,0.008216213955379584,85.11029411764706,58.1021897810219,0.10683684796094894,0.03038328414892449,0.7648036515011507,0.9189366698265076,0.48494525249423104,False
61,0.04726229881977334,0.053327677442747,0.0073527612394708045,86.30514705882354,60.0,0.10692109167575836,0.02920752829488586,0.7640155203202191,0.9176136255264282,0.4606979898695195,False
62,-0.1457306501619956,0.04899076284731135,0.008204702397479731,86.35110294117646,57.17761557177616,0.1070026308298111,0.0300747801494949,0.7565186374327716,0.9163012504577637,0.43766309037604345,False
63,-0.1238177968736957,0.049592051216784644,0.00787456933518543,85.43198529411765,59.805352798053526,0.10708016157150269,0.029546094620052504,0.7566604929811814,0.9150006175041199,0.41577993585724127,False
64,-0.21119050133754225,0.047674049349392164,0.007991495268309818,86.12132352941177,61.80048661800487,0.10715450346469879,0.0295235878404449,0.7557971337262321,0.9137120246887207,0.39499093906437915,False
65,-0.34539463984615665,0.04466698603595004,0.008488911669701338,85.84558823529412,61.8978102189781,0.10722703486680984,0.029582975541844088,0.7485351106699776,0.9124346971511841,0.3752413921111602,False
66,-0.42223093790166516,0.042977580800652504,0.008785375695237341,87.22426470588235,63.21167883211679,0.10729531198740005,0.029345682109980023,0.7375464404330534,0.9111691117286682,0.3564793225056022,False
67,-0.43945253377451615,0.04265532423468197,0.00857841842533911,87.8216911764706,65.45012165450122,0.10736184567213058,0.0292754097677329,0.7367089425816256,0.909915566444397,0.33865535638032207,False
68,-0.5048214162097258,0.04121416401775444,0.009165906758211991,87.36213235294117,63.990267639902676,0.10742531716823578,0.029067483566263142,0.7295338476405424,0.9086725115776062,0.3217225885613059,False
69,-0.37412571994697347,0.044338371166411567,0.0075279153226053015,88.55698529411765,69.14841849148418,0.10749170184135437,0.027738963746849227,0.7262350706493154,0.9074408411979675,0.3056364591332406,False
70,-0.49287810614880395,0.041660019580055684,0.008054257480098921,88.14338235294117,67.5912408759124,0.10755476355552673,0.027641716139281496,0.7229960490675533,0.9062203168869019,0.2903546361765786,False
71,-0.6647360885844511,0.03773925080895424,0.008224795901161782,88.28125,66.52068126520682,0.10761387646198273,0.027850719607051683,0.729099831160377,0.9050114750862122,0.27583690436774966,False
72,-0.6674486942151013,0.03774011923986323,0.008325717110625085,90.85477941176471,67.15328467153284,0.10767029970884323,0.02737675661988118,0.7259319845367881,0.9038146734237671,0.26204505914936216,False
73,-0.8062110367943259,0.034564930616932756,0.009088696857147357,90.39522058823529,69.78102189781022,0.10772090405225754,0.028641526203821686,0.7004653005038991,0.9026302695274353,0.24894280619189402,False
74,-0.7182693506645805,0.036679658271810585,0.008428293143344276,87.8216911764706,70.60827250608273,0.10777348279953003,0.027439087519750875,0.704519015901229,0.9014580845832825,0.23649566588229934,False
75,-0.8316341463257285,0.034118846825817055,0.0075162974295808985,89.5220588235294,69.87834549878346,0.10782450437545776,0.026745799600201493,0.7068561525905833,0.9002965092658997,0.22467088258818435,False
76,-0.9066181408570093,0.03241958337671617,0.008143424522131681,90.02757352941177,71.6301703163017,0.1078704297542572,0.02662680155652411,0.7019699846996981,0.8991467356681824,0.2134373384587751,False
77,-0.8701473597218009,0.03331154935500201,0.008284375619362383,89.20036764705883,69.58637469586375,0.10791817307472229,0.026528241660665062,0.707997111713185,0.8980088829994202,0.20276547153583635,False
78,-0.9088608131689184,0.03246235496857587,0.00850026375230621,91.59007352941177,71.77615571776155,0.10796346515417099,0.026740818777505088,0.6857994794845581,0.8968830108642578,0.1926271979590445,False
79,-0.9839165982078103,0.03076601872111068,0.008243617601692677,90.90073529411765,71.58150851581509,0.10800527036190033,0.025868886205203393,0.6990278503474068,0.8957700133323669,0.1829958380610923,False
80,-0.9549829276169047,0.0314706761170836,0.008834045599488652,90.48713235294117,68.46715328467154,0.10804947465658188,0.026358235627412796,0.6976448122192832,0.8946696519851685,0.17384604615803767,False
81,-1.0716049267965204,0.02877461044665645,0.010088197722592774,91.68198529411765,69.1970802919708,0.1080893874168396,0.026760788743986803,0.6826310122714323,0.8935820460319519,0.1651537438501358,False
82,-1.1763009954901302,0.026358979151529426,0.010565212106003481,92.14154411764706,71.338199513382,0.10812564939260483,0.027228146243621323,0.6734663213000578,0.8925079107284546,0.15689605665762899,False
83,-1.097783120239482,0.028259452213259303,0.010016617173438562,92.1875,71.14355231143553,0.1081596091389656,0.02597216166117612,0.6656022141961491,0.8914464116096497,0.14905125382474754,False
84,-1.2215708353940178,0.025391130105537528,0.010516740381717682,91.54411764705883,69.82968369829683,0.10819372534751892,0.02593308566685985,0.669641491244821,0.8903965950012207,0.14159869113351015,False
85,-1.2269753217697144,0.025308173916795674,0.010269818170105709,91.77389705882354,69.1970802919708,0.10822393745183945,0.025794203886214423,0.6636625353027793,0.8893591165542603,0.13451875657683462,False
86,-1.2825176821035498,0.02403269653372905,0.010830921120941639,92.6470588235294,70.02433090024331,0.10825341194868088,0.025803086183526936,0.6632301316541784,0.8883338570594788,0.1277928187479929,False
87,-1.2527807004311506,0.024760800413787365,0.01122648099108654,91.77389705882354,71.14355231143553,0.1082826554775238,0.025873082196887803,0.6533135736689848,0.8873209953308105,0.12140317781059325,False
88,-1.2562572710654314,0.024724022978368926,0.011335940456346554,92.78492647058823,73.77128953771289,0.10831151902675629,0.02560988934162785,0.6319744061021244,0.8863204121589661,0.11533301892006356,False
89,-1.2969792152152342,0.023797968073802835,0.011575164492515957,92.6470588235294,72.7007299270073,0.10833799839019775,0.025288198033676428,0.6396530305638033,0.8853331208229065,0.10956636797406039,False
90,-1.4141964211183435,0.021074587588801104,0.011915441657252172,92.83088235294117,71.338199513382,0.10836268961429596,0.024948735557058278,0.6424814813277301,0.8843576908111572,0.10408804957535737,False
91,-1.3461067746667301,0.022691463175065377,0.012659704915302642,93.47426470588235,71.338199513382,0.10838662087917328,0.025233929976820946,0.6369622805539299,0.8833954334259033,0.0988836470965895,False
92,-1.4524392871295704,0.02022547965102336,0.012750688337666146,93.65808823529412,72.26277372262774,0.10840862989425659,0.024990444235941944,0.6335237727445715,0.8824458122253418,0.09393946474176001,False
93,-1.466430579914766,0.01991625957410125,0.01338806567604051,93.33639705882354,71.48418491484185,0.10842804610729218,0.024882748942164815,0.6333776361802045,0.881508469581604,0.08924249150467202,False
94,-1.5249242782592773,0.018589657731354237,0.013223346158423844,94.53125,73.52798053527981,0.1084461435675621,0.024403001455699697,0.6042769288315493,0.8805833458900452,0.08478036692943841,False
95,-1.553239345550537,0.017920689657330513,0.014495971667415956,93.70404411764706,73.96593673965937,0.10846202820539474,0.0249370656469289,0.6117856186978957,0.8796713948249817,0.08054134858296648,False
96,-1.5638852820676916,0.017709927907323137,0.014018786194569925,94.25551470588235,73.04136253041362,0.1084766611456871,0.024063567466595593,0.6188696061863619,0.8787726163864136,0.07651428115381816,False
97,-1.5260873051250683,0.018610523356234327,0.01484940918710302,93.88786764705883,73.81995133819952,0.1084919422864914,0.024364252300823435,0.6146572302369511,0.8778858780860901,0.07268856709612724,False
98,-1.5343073115629309,0.01844061489271767,0.015430582577691358,93.93382352941177,73.43065693430657,0.1085083931684494,0.024278022129746044,0.6011481705833884,0.8770122528076172,0.06905413874132088,False
99,-1.5869817593518425,0.017224670059102422,0.01569164982613395,94.43933823529412,72.79805352798054,0.10852322727441788,0.023924213450621155,0.6017956663580502,0.8761515617370605,0.06560143180425483,False
100,-1.5595839023590088,0.017875786487232235,0.016681280973203042,93.84191176470588,74.16058394160584,0.10853768140077591,0.024542881175875664,0.5927838122143465,0.8753033876419067,0.06232136021404208,False
101,-1.6062227031763863,0.01679108171340297,0.017871290116625672,95.26654411764706,74.84184914841849,0.10855091363191605,0.024680202169453398,0.570630397866754,0.8744687438011169,0.059205292203339976,False
102,-1.6621494223089779,0.015508636996588287,0.0176328478161903,94.66911764705883,75.37712895377129,0.1085624247789383,0.023942891837042922,0.5697263724663678,0.8736468553543091,0.05624502759317297,False
103,-1.6397650031482471,0.01605124004623469,0.018277663737535477,94.48529411764706,74.20924574209246,0.10857231169939041,0.023939455366309953,0.5642877308761373,0.8728371858596802,0.053432776213514326,False
104,-1.7017273692523731,0.014617441824692138,0.01826375876279438,95.08272058823529,74.5985401459854,0.10858158022165298,0.023657121531227055,0.5607457283665153,0.8720398545265198,0.05076113740283861,False
105,-1.712218494976268,0.014373748837148441,0.019760513787760454,95.08272058823529,75.669099756691,0.10858924686908722,0.024238551473792863,0.5343352100428413,0.8712545037269592,0.04822308053269667,False
106,-1.7650579985450296,0.013152007999665597,0.01974548026919365,95.7720588235294,75.18248175182482,0.10859502851963043,0.023578196216155502,0.5437731216935551,0.870482861995697,0.04581192650606184,False
107,-1.7738890437518848,0.012951889513608287,0.02027759931105025,95.7720588235294,73.91727493917276,0.10859962552785873,0.023718637907329726,0.5485200829365674,0.8697230815887451,0.043521330180758745,False
108,-1.774130428538603,0.012967882513561669,0.02018516795600162,95.95588235294117,73.2360097323601,0.10860467702150345,0.023515211966107872,0.5530360411195194,0.8689755797386169,0.041345263671720804,False
109,-1.806586454896366,0.012219272937406512,0.02066592839272583,96.00183823529412,74.06326034063261,0.10860752314329147,0.023515245165018475,0.5427460986025193,0.8682396411895752,0.03927800048813476,False
110,-1.7910828660516178,0.012599717606516445,0.020870582584072563,95.7720588235294,73.57664233576642,0.10861081629991531,0.02365843809264548,0.5421766112832462,0.8675156831741333,0.037314100463728024,False
111,-1.7728977133246029,0.013067673042635708,0.020310322699301383,95.45036764705883,74.5985401459854,0.10861395299434662,0.02281827457687434,0.539746929617489,0.8668035864830017,0.035448395440541625,False
112,-1.8329135880750769,0.011653900091700694,0.02110181891304605,96.46139705882354,74.50121654501217,0.10861741751432419,0.023245686665177345,0.5375817803775563,0.8661037087440491,0.03367597566851454,False
113,-1.8836756664163925,0.010505315327249905,0.02007289734833381,96.82904411764706,75.71776155717761,0.10861770063638687,0.022406801910084838,0.5276838313130772,0.8654154539108276,0.031992176885088805,False
114,-1.844821670476128,0.011438509860240361,0.020547049010501188,96.36948529411765,76.25304136253041,0.1086181178689003,0.02276323133093469,0.5065295766381657,0.8647382855415344,0.030392568040834365,False
115,-1.8222106975667618,0.012004652060568333,0.02012325878090718,95.35845588235294,76.25304136253041,0.10861944407224655,0.022157924688037706,0.5045070718316471,0.8640731573104858,0.028872939638792644,False
116,-1.8775026587878956,0.010704898439786014,0.02098426124190583,96.50735294117646,76.30170316301704,0.10862065851688385,0.022549254819750786,0.49252399977515726,0.8634197115898132,0.027429292656853014,False
117,-1.9013356391121359,0.010175792144282776,0.020400068996583715,96.82904411764706,76.30170316301704,0.10861962288618088,0.021988167482263902,0.4921109606237972,0.8627777099609375,0.02605782802401036,False
118,-1.9264375111635994,0.00959042100893224,0.020594682544469833,96.875,75.57177615571776,0.10861819237470627,0.022197448045891875,0.5016035963507259,0.8621469140052795,0.024754936622809844,False
119,-1.9027309698217056,0.010170345687690903,0.02044736615875188,97.15073529411765,75.76642335766424,0.10861623287200928,0.022185244871413008,0.4987058113603031,0.8615277409553528,0.02351718979166935,False
120,-1.9468668909633862,0.009154066114741214,0.020230839576791313,96.69117647058823,75.32846715328468,0.10861431062221527,0.021822429755154776,0.4966816569075865,0.8609196543693542,0.02234133030208588,False
121,-1.9195523191900814,0.00979866029913811,0.021051994470112464,96.64522058823529,76.44768856447689,0.10861200094223022,0.022288077894379112,0.4912887057837318,0.8603233098983765,0.021224263786981584,False
122,-1.9510431780534632,0.00909766905448016,0.020245154662167326,97.3345588235294,76.10705596107056,0.10860903561115265,0.021575952934868196,0.4809500662719502,0.8597386479377747,0.020163050597632508,False
123,-1.937337132061229,0.009441601550754379,0.02002697218866909,96.78308823529412,76.93430656934306,0.108607217669487,0.021792166921145776,0.47239985886742086,0.8591648936271667,0.019154898067750878,False
124,-1.9216465809765984,0.009817934923750512,0.020226448007366237,96.46139705882354,76.4963503649635,0.10860519856214523,0.021684352308511734,0.4875924972926869,0.8586020469665527,0.018197153164363336,False
125,-1.9541100614211138,0.009090868180946392,0.019631536020075575,97.70220588235294,76.54501216545012,0.10860247910022736,0.021122921586913222,0.47146854330511656,0.8580505847930908,0.01728729550614517,False
126,-1.9652899223215439,0.008844590581515255,0.01982829117161386,97.24264705882354,77.46958637469587,0.10859892517328262,0.02133658462587525,0.4537909837330089,0.8575098514556885,0.016422930730837906,False
127,-2.000842304790721,0.008019983494544731,0.01951696427867693,97.05882352941177,76.78832116788321,0.10859432816505432,0.02111243620953139,0.47121794083539176,0.8569802045822144,0.015601784194296012,False
128,-1.9802605895435108,0.008516196490210645,0.019690397907705867,97.65625,75.62043795620438,0.1085897907614708,0.021048954304526832,0.47445622086524963,0.8564615845680237,0.014821694984581212,False
129,-2.0160668527378753,0.007681807311361327,0.020148255807511947,97.38051470588235,76.10705596107056,0.1085851788520813,0.02140886489959324,0.45836517039467306,0.855954110622406,0.01408061023535215,False
130,-2.0144804645987118,0.00773389484075939,0.020161706625538713,97.38051470588235,76.30170316301704,0.10857997834682465,0.021568584858494645,0.45209694609922524,0.8554574847221375,0.01337657972358454,False
131,-1.9937054620069616,0.008251907495672213,0.019685294259996974,97.79411764705883,76.69099756690997,0.10857534408569336,0.020984959185999984,0.4519690257661483,0.8549717664718628,0.012707750737405312,False
132,-2.042698151925031,0.007104661699165316,0.019738231730811736,97.93198529411765,76.64233576642336,0.10857037454843521,0.021063273224760506,0.4596775314387153,0.8544964790344238,0.012072363200535048,False
133,-2.005236674757565,0.008006927255979356,0.019495105370879173,97.3345588235294,76.44768856447689,0.10856522619724274,0.020851289743886274,0.4604039875900044,0.854031503200531,0.011468745040508295,False
134,-2.059781277880949,0.006729694713345345,0.019889259820475298,98.20772058823529,76.69099756690997,0.10855935513973236,0.021098887438283247,0.4496839116601383,0.8535770177841187,0.01089530778848288,False
135,-2.0405388439402863,0.007203370058799491,0.019594981828156638,97.79411764705883,76.59367396593674,0.10855372995138168,0.021046247333288193,0.44517946067978353,0.8531330823898315,0.010350542399058735,False
136,-2.034259922364179,0.007365659043631133,0.01990652796538437,97.93198529411765,77.08029197080292,0.10854814201593399,0.020939454326734823,0.43278003089568196,0.8526996970176697,0.01,False
137,-2.0333274182151344,0.007408759734757683,0.01952287565697642,96.96691176470588,76.64233576642336,0.10854283720254898,0.020817717865985984,0.4295576372567345,0.852276623249054,0.01,False
138,-2.028526411337011,0.007543571731623481,0.019089532358681455,97.56433823529412,77.22627737226277,0.10853789746761322,0.020520617747131514,0.43064577263944287,0.8518636226654053,0.01,False
139,-2.060356659047744,0.006798816762645455,0.019354163833400783,97.84007352941177,77.17761557177616,0.10853253304958344,0.020655075416845435,0.4313699673203861,0.8514604568481445,0.01,False
140,-2.063231348991394,0.006761275396189269,0.018906490658135974,97.70220588235294,77.46958637469587,0.10852710157632828,0.020392815198968437,0.41317883309196024,0.8510679006576538,0.01,False
141,-2.033015587750603,0.0074798575575079984,0.01906916148522321,96.96691176470588,77.08029197080292,0.10852141678333282,0.020412814529503092,0.4157913414870991,0.8506851196289062,0.01,False
142,-2.1047723012811996,0.005794923423844225,0.01909758380669005,98.25367647058823,77.51824817518248,0.1085154339671135,0.020654256619951305,0.4205517821452197,0.8503121137619019,0.01,False
143,-2.0810051735709694,0.006373212097541374,0.01875875879298238,98.06985294117646,76.93430656934306,0.10850876569747925,0.02028862321201493,0.42454635045107675,0.8499491214752197,0.01,False
144,-2.099117124781889,0.005950490272987415,0.019336092340595582,97.70220588235294,77.08029197080292,0.1085023432970047,0.02073143597911386,0.40744082542026744,0.8495960235595703,0.01,False
145,-2.0989339982762054,0.005976671503637643,0.018908646395977807,98.02389705882354,78.10218978102189,0.10849564522504807,0.020398272858823046,0.40556466930052815,0.8492527008056641,0.01,False
146,-2.100607563467587,0.005944995949154391,0.0188055646551006,98.02389705882354,77.22627737226277,0.10848910361528397,0.020390828194863656,0.4138593165313496,0.848918616771698,0.01,False
147,-2.0960892228519215,0.006065135958659298,0.01898980710436316,98.1158088235294,77.51824817518248,0.10848258435726166,0.020410303902976653,0.3980637385564692,0.8485941886901855,0.01,False
148,-2.0865914751501644,0.006299781736315173,0.018997150089810875,98.16176470588235,77.51824817518248,0.10847652703523636,0.02026143702952301,0.397700779578265,0.8482787013053894,0.01,False
149,-2.101421861087575,0.005966435775489491,0.01879412987652947,98.48345588235294,77.71289537712896,0.10847079008817673,0.02022484306465177,0.3915490508079529,0.8479723930358887,0.01,False
150,-2.1114354554344628,0.005739904597730321,0.01900519825079862,98.4375,77.81021897810218,0.10846465826034546,0.020431939074221778,0.3783863432267133,0.8476748466491699,0.01,False
151,-2.1030419503941253,0.005945403334301184,0.01884664233554812,97.70220588235294,77.22627737226277,0.10845860838890076,0.020331699072438127,0.38763201061417074,0.8473864197731018,0.01,False
152,-2.1229616824318382,0.005480693571050377,0.018854724571985358,97.93198529411765,77.66423357664233,0.10845273733139038,0.020316545029773432,0.39713070673101086,0.8471066951751709,0.01,False
153,-2.113505419562845,0.0057160466882016725,0.019274438128751868,98.29963235294117,77.37226277372262,0.10844679176807404,0.02035470011041445,0.3713918297606356,0.8468356132507324,0.01,False
154,-2.1118291335947372,0.005769987960400826,0.01875253635294297,98.06985294117646,77.17761557177616,0.1084410548210144,0.020003535729997298,0.38418806300443764,0.8465732932090759,0.01,False
155,-2.1243105355431053,0.005485592108658131,0.018881415729137027,98.39154411764706,77.42092457420925,0.10843588411808014,0.02034109173452153,0.36805444868171916,0.8463194966316223,0.01,False
156,-2.141912909115062,0.00508017312077915,0.01887255227741073,98.52941176470588,77.61557177615572,0.10843003541231155,0.02024658605018083,0.36834178251378674,0.8460739254951477,0.01,False
157,-2.140737771987915,0.005118478829150691,0.018658352248808917,98.57536764705883,77.32360097323601,0.10842419415712357,0.019921993288923714,0.37667584769866047,0.845836341381073,0.01,False
158,-2.1515649486990536,0.004878310308627346,0.018385659026748994,98.57536764705883,78.00486618004867,0.10841838270425797,0.019733731470563832,0.3752859883448657,0.8456068634986877,0.01,False
159,-2.159418961581062,0.0046995777280672505,0.018317950451198745,98.85110294117646,77.51824817518248,0.10841261595487595,0.01984662639305872,0.3768333021332236,0.8453853726387024,0.01,False
160,-2.137014690567465,0.005221590125823722,0.018834944704876226,98.1158088235294,78.29683698296837,0.10840742290019989,0.020224578130771134,0.373227761072271,0.8451716303825378,0.01,False
161,-2.161152208552641,0.0046653097413261145,0.018496331704013488,98.7591911764706,78.10218978102189,0.10840167850255966,0.019840412499273524,0.3847189195015851,0.8449652194976807,0.01,False
162,-2.1456932460560516,0.005047027583179229,0.01840567873681293,98.25367647058823,77.85888077858881,0.10839610546827316,0.019750072894727484,0.3642284729901482,0.8447664976119995,0.01,False
163,-2.1629072497872746,0.004651204217225313,0.017981633763102925,99.03492647058823,77.42092457420925,0.10839077830314636,0.019606949871077257,0.3769073556451237,0.8445754051208496,0.01,False
164,-2.1547106714809643,0.004852608106482555,0.018079136224354014,98.4375,77.17761557177616,0.10838556289672852,0.019538187038372543,0.36877546415609475,0.8443915247917175,0.01,False
165,-2.158912041608025,0.004758743802085519,0.01832746999228702,98.4375,77.61557177615572,0.10838031023740768,0.01963955262566314,0.3590124573777704,0.8442147374153137,0.01,False
166,-2.1660071962019978,0.004598858930608805,0.018192720654256204,98.66727941176471,77.95620437956204,0.10837529599666595,0.019637052517603424,0.36078613119966846,0.8440451622009277,0.01,False
167,-2.1619684135212616,0.004691205453127623,0.018416756599703255,98.48345588235294,77.32360097323601,0.1083703339099884,0.019839915063451317,0.36420273780822754,0.8438824415206909,0.01,False
168,-2.1555200464585247,0.004859891062711968,0.018184699665974167,98.29963235294117,77.90754257907543,0.10836581140756607,0.019486769266864833,0.3550306295647341,0.8437265157699585,0.01,False
169,-2.151525995310615,0.0049574339817113735,0.018161465139950022,98.57536764705883,76.98296836982968,0.10836149752140045,0.019540274515748024,0.3565797174678129,0.8435771465301514,0.01,False
170,-2.1707689201130584,0.004502118551446234,0.01856665006455253,98.7591911764706,78.34549878345499,0.10835713893175125,0.019934222978704116,0.3493713368387783,0.8434341549873352,0.01,False
171,-2.1539178946438957,0.004909839864601107,0.018086154561708954,98.80514705882354,77.90754257907543,0.10835284739732742,0.01943985734354047,0.3622851354234359,0.8432977199554443,0.01,False
172,-2.1800036430358887,0.004306647995048586,0.017973451929933885,98.80514705882354,77.71289537712896,0.10834892094135284,0.01942655214053743,0.35562557507963743,0.8431674242019653,0.01,False
173,-2.1558304954977596,0.004861043985275661,0.018758777967270684,98.57536764705883,77.46958637469587,0.10834512114524841,0.019994780311689657,0.3503280264489791,0.8430431485176086,0.01,False
174,-2.1715748239966,0.004512032808955102,0.018160255187574553,98.52941176470588,77.46958637469587,0.10834132879972458,0.01944984999649665,0.34911582487470966,0.8429247736930847,0.01,False
175,-2.1748875730177937,0.0044364387662533455,0.018196061143980306,98.98897058823529,77.81021897810218,0.10833781957626343,0.01951216281775166,0.34940709962564354,0.8428122997283936,0.01,False
176,-2.1711011564030365,0.004523215075845227,0.01837700473911622,98.80514705882354,77.51824817518248,0.10833456367254257,0.019649180748006877,0.351451072622748,0.8427055478096008,0.01,False
177,-2.1838974531959083,0.004215110983589993,0.018657342202084905,98.71323529411765,77.71289537712896,0.10833106935024261,0.019743503893122953,0.3626823267515968,0.8426038026809692,0.01,False
178,-2.1612069536657894,0.004772624247433508,0.017836579176432946,98.52941176470588,77.90754257907543,0.10832802206277847,0.019466112093890413,0.3520418563309838,0.842507541179657,0.01,False
179,-2.1766350269317627,0.004414987065555418,0.01790854082826306,98.7591911764706,77.61557177615572,0.1083252876996994,0.019253649584510747,0.3515876373823951,0.8424164056777954,0.01,False
180,-2.1734791783725513,0.004492424976299791,0.017672275357386646,98.85110294117646,78.15085158150852,0.10832254588603973,0.019270944682990804,0.358209969366298,0.842330276966095,0.01,False
181,-2.14895261035246,0.005067339851794874,0.01797666515716735,98.57536764705883,77.37226277372262,0.1083199679851532,0.019466074402717984,0.3495992667534772,0.842248797416687,0.01,False
182,-2.174248127376332,0.004476267830742633,0.017979185370837942,98.52941176470588,78.05352798053528,0.10831764340400696,0.019530795295448863,0.3477628301171696,0.8421720862388611,0.01,False
183,-2.1913988449994255,0.004076942116679514,0.01800691577441552,98.57536764705883,78.00486618004867,0.10831531882286072,0.01947311728316195,0.34658002152162437,0.8420999050140381,0.01,False
184,-2.1850452423095703,0.004229772726402563,0.018040934139314818,98.71323529411765,77.71289537712896,0.10831312090158463,0.019482729956507683,0.341891851495294,0.8420323133468628,0.01,False
185,-2.1823557264664593,0.004298042779897942,0.01793825483935721,98.85110294117646,77.85888077858881,0.10831093043088913,0.01941315720186514,0.3406936701606302,0.8419684767723083,0.01,False
186,-2.174343831398908,0.004490226767409374,0.017780611620229834,98.62132352941177,77.85888077858881,0.10830901563167572,0.01932600052917705,0.34362615469624014,0.8419089317321777,0.01,False
187,-2.170890317243688,0.0045609569437254005,0.01809754124020829,98.52941176470588,77.90754257907543,0.10830725729465485,0.01958373605328448,0.3518390813294579,0.841853141784668,0.01,False
188,-2.1636741441838883,0.004738342516836436,0.017956798238789335,98.7591911764706,78.24817518248175,0.10830553621053696,0.01943826094708022,0.34679504177149606,0.841801106929779,0.01,False
189,-2.183734515134026,0.004265079096726635,0.018153120051412022,98.94301470588235,78.10218978102189,0.10830413550138474,0.019545574398601755,0.34619660237256217,0.8417526483535767,0.01,False
190,-2.192684524199542,0.004066184163093567,0.017723850358058426,98.66727941176471,77.61557177615572,0.10830271244049072,0.01928066714283298,0.3475058411850649,0.8417075872421265,0.01,False
191,-2.18698488964754,0.004193078329348389,0.018146357882548782,98.62132352941177,77.5669099756691,0.10830096155405045,0.01949272315730067,0.3448244648821214,0.8416652083396912,0.01,False
192,-2.173037486917832,0.004522488616845187,0.018073788898832658,98.80514705882354,77.0316301703163,0.10829921066761017,0.019596742137390023,0.3429121287430034,0.8416261076927185,0.01,False
193,-2.1833587253794953,0.004280082580140408,0.01798440669389332,98.62132352941177,78.05352798053528,0.10829770565032959,0.019366739427342135,0.3550855412202723,0.8415904641151428,0.01,False
194,-2.1948576394249413,0.004025574883117396,0.01744380669997019,98.94301470588235,77.2749391727494,0.10829638689756393,0.018978893099462286,0.35386168430833254,0.8415567278862,0.01,False
195,-2.17874916862039,0.00439062509137918,0.018008147256777567,98.85110294117646,77.90754257907543,0.10829507559537888,0.019453251076971784,0.351616827880635,0.8415256142616272,0.01,False
196,-2.1842838595895206,0.004268184879466015,0.017856535337427083,98.85110294117646,77.2749391727494,0.10829375684261322,0.019240890355671152,0.348675177377813,0.8414971232414246,0.01,False
197,-2.2031068801879883,0.003831624861477929,0.017560431678943774,99.08088235294117,77.81021897810218,0.10829244554042816,0.01909416278495508,0.3542768832515268,0.8414701223373413,0.01,False
198,-2.178745213676901,0.0044004545369021155,0.017872646122294313,98.80514705882354,77.76155717761557,0.10829143226146698,0.019375441267209893,0.34353993570103364,0.8414454460144043,0.01,False
199,-2.194655740962309,0.004028613473672201,0.0178423392422059,98.8970588235294,78.05352798053528,0.10829048603773117,0.019271068274974823,0.3460455519311568,0.8414227366447449,0.01,False
200,-2.1937270164489746,0.004032865769284613,0.01839593967751545,98.8970588235294,78.00486618004867,0.10828959941864014,0.019632496378001046,0.3564002636600943,0.8414014577865601,0.01,False
